{"symboling":0,"normalized-losses":"161","make":"bmw","fuel-type":"gas","aspiration":"std","num-of-doors":"four","body-style":"sedan","drive-wheels":"rwd","engine-location":"front","wheel-base":103.5,"length":189.0,"width":66.9,"height":55.7,"curb-weight":3230,"engine-type":"ohc","num-of-cylinders":"six","engine-size":209,"fuel-system":"mpfi","bore":"3.62","stroke":3.39,"compression-ratio":8.0,"horsepower":182.0,"peak-rpm":5400.0,"city-mpg":16,"highway-mpg":22,"price":"30760"}
{"symboling":1,"normalized-losses":"161","make":"mercedes-benz","fuel-type":"gas","aspiration":"std","num-of-doors":"two","body-style":"hardtop","drive-wheels":"rwd","engine-location":"front","wheel-base":112.0,"length":199.2,"width":72.0,"height":55.4,"curb-weight":3715,"engine-type":"ohcv","num-of-cylinders":"eight","engine-size":304,"fuel-system":"mpfi","bore":"3.8","stroke":3.35,"compression-ratio":8.0,"horsepower":184.0,"peak-rpm":4500.0,"city-mpg":14,"highway-mpg":16,"price":"45400"}
{"symboling":3,"normalized-losses":"161","make":"porsche","fuel-type":"gas","aspiration":"std","num-of-doors":"two","body-style":"convertible","drive-wheels":"rwd","engine-location":"rear","wheel-base":89.5,"length":168.9,"width":65.0,"height":51.6,"curb-weight":2800,"engine-type":"ohcf","num-of-cylinders":"six","engine-size":194,"fuel-system":"mpfi","bore":"3.74","stroke":2.9,"compression-ratio":9.5,"horsepower":207.0,"peak-rpm":5900.0,"city-mpg":17,"highway-mpg":25,"price":"37028"}
{"symboling":-1,"normalized-losses":"65","make":"toyota","fuel-type":"gas","aspiration":"std","num-of-doors":"four","body-style":"hatchback","drive-wheels":"fwd","engine-location":"front","wheel-base":102.4,"length":175.6,"width":66.5,"height":53.9,"curb-weight":2458,"engine-type":"ohc","num-of-cylinders":"four","engine-size":122,"fuel-system":"mpfi","bore":"3.31","stroke":3.54,"compression-ratio":8.7,"horsepower":92.0,"peak-rpm":4200.0,"city-mpg":27,"highway-mpg":32,"price":"11248"}
{"symboling":1,"normalized-losses":"154","make":"plymouth","fuel-type":"gas","aspiration":"std","num-of-doors":"four","body-style":"sedan","drive-wheels":"fwd","engine-location":"front","wheel-base":93.7,"length":167.3,"width":63.8,"height":50.8,"curb-weight":2191,"engine-type":"ohc","num-of-cylinders":"four","engine-size":98,"fuel-system":"2bbl","bore":"2.97","stroke":3.23,"compression-ratio":9.4,"horsepower":68.0,"peak-rpm":5500.0,"city-mpg":31,"highway-mpg":38,"price":"7609"}
{"symboling":2,"normalized-losses":"161","make":"mitsubishi","fuel-type":"gas","aspiration":"std","num-of-doors":"two","body-style":"hatchback","drive-wheels":"fwd","engine-location":"front","wheel-base":93.7,"length":157.3,"width":64.4,"height":50.8,"curb-weight":1918,"engine-type":"ohc","num-of-cylinders":"four","engine-size":92,"fuel-system":"2bbl","bore":"2.97","stroke":3.23,"compression-ratio":9.4,"horsepower":68.0,"peak-rpm":5500.0,"city-mpg":37,"highway-mpg":41,"price":"5389"}
{"symboling":0,"normalized-losses":"161","make":"mazda","fuel-type":"diesel","aspiration":"std","num-of-doors":"four","body-style":"sedan","drive-wheels":"rwd","engine-location":"front","wheel-base":104.9,"length":175.0,"width":66.1,"height":54.4,"curb-weight":2700,"engine-type":"ohc","num-of-cylinders":"four","engine-size":134,"fuel-system":"idi","bore":"3.43","stroke":3.64,"compression-ratio":22.0,"horsepower":72.0,"peak-rpm":4200.0,"city-mpg":31,"highway-mpg":39,"price":"18344"}
{"symboling":0,"normalized-losses":"161","make":"mercedes-benz","fuel-type":"gas","aspiration":"std","num-of-doors":"four","body-style":"sedan","drive-wheels":"rwd","engine-location":"front","wheel-base":120.9,"length":208.1,"width":71.7,"height":56.7,"curb-weight":3900,"engine-type":"ohcv","num-of-cylinders":"eight","engine-size":308,"fuel-system":"mpfi","bore":"3.8","stroke":3.35,"compression-ratio":8.0,"horsepower":184.0,"peak-rpm":4500.0,"city-mpg":14,"highway-mpg":16,"price":"40960"}
{"symboling":0,"normalized-losses":"85","make":"honda","fuel-type":"gas","aspiration":"std","num-of-doors":"four","body-style":"sedan","drive-wheels":"fwd","engine-location":"front","wheel-base":96.5,"length":175.4,"width":65.2,"height":54.1,"curb-weight":2465,"engine-type":"ohc","num-of-cylinders":"four","engine-size":110,"fuel-system":"mpfi","bore":"3.15","stroke":3.58,"compression-ratio":9.0,"horsepower":101.0,"peak-rpm":5800.0,"city-mpg":24,"highway-mpg":28,"price":"12945"}
{"symboling":0,"normalized-losses":"81","make":"chevrolet","fuel-type":"gas","aspiration":"std","num-of-doors":"four","body-style":"sedan","drive-wheels":"fwd","engine-location":"front","wheel-base":94.5,"length":158.8,"width":63.6,"height":52.0,"curb-weight":1909,"engine-type":"ohc","num-of-cylinders":"four","engine-size":90,"fuel-system":"2bbl","bore":"3.03","stroke":3.11,"compression-ratio":9.6,"horsepower":70.0,"peak-rpm":5400.0,"city-mpg":38,"highway-mpg":43,"price":"6575"}
{"symboling":0,"normalized-losses":"89","make":"subaru","fuel-type":"gas","aspiration":"std","num-of-doors":"four","body-style":"wagon","drive-wheels":"fwd","engine-location":"front","wheel-base":97.0,"length":173.5,"width":65.4,"height":53.0,"curb-weight":2455,"engine-type":"ohcf","num-of-cylinders":"four","engine-size":108,"fuel-system":"mpfi","bore":"3.62","stroke":2.64,"compression-ratio":9.0,"horsepower":94.0,"peak-rpm":5200.0,"city-mpg":25,"highway-mpg":31,"price":"10198"}
{"symboling":1,"normalized-losses":"125","make":"mitsubishi","fuel-type":"gas","aspiration":"std","num-of-doors":"four","body-style":"sedan","drive-wheels":"fwd","engine-location":"front","wheel-base":96.3,"length":172.4,"width":65.4,"height":51.6,"curb-weight":2365,"engine-type":"ohc","num-of-cylinders":"four","engine-size":122,"fuel-system":"2bbl","bore":"3.35","stroke":3.46,"compression-ratio":8.5,"horsepower":88.0,"peak-rpm":5000.0,"city-mpg":25,"highway-mpg":32,"price":"6989"}
{"symboling":3,"normalized-losses":"142","make":"mercedes-benz","fuel-type":"gas","aspiration":"std","num-of-doors":"two","body-style":"convertible","drive-wheels":"rwd","engine-location":"front","wheel-base":96.6,"length":180.3,"width":70.5,"height":50.8,"curb-weight":3685,"engine-type":"ohcv","num-of-cylinders":"eight","engine-size":234,"fuel-system":"mpfi","bore":"3.46","stroke":3.1,"compression-ratio":8.3,"horsepower":155.0,"peak-rpm":4750.0,"city-mpg":16,"highway-mpg":18,"price":"35056"}
{"symboling":3,"normalized-losses":"150","make":"mazda","fuel-type":"gas","aspiration":"std","num-of-doors":"two","body-style":"hatchback","drive-wheels":"rwd","engine-location":"front","wheel-base":95.3,"length":169.0,"width":65.7,"height":49.6,"curb-weight":2380,"engine-type":"rotor","num-of-cylinders":"two","engine-size":70,"fuel-system":"4bbl","bore":"3.46","stroke":3.2554228856,"compression-ratio":9.4,"horsepower":101.0,"peak-rpm":6000.0,"city-mpg":17,"highway-mpg":23,"price":"10945"}
{"symboling":0,"normalized-losses":"106","make":"nissan","fuel-type":"gas","aspiration":"std","num-of-doors":"four","body-style":"hatchback","drive-wheels":"fwd","engine-location":"front","wheel-base":97.2,"length":173.4,"width":65.2,"height":54.7,"curb-weight":2324,"engine-type":"ohc","num-of-cylinders":"four","engine-size":120,"fuel-system":"2bbl","bore":"3.33","stroke":3.47,"compression-ratio":8.5,"horsepower":97.0,"peak-rpm":5200.0,"city-mpg":27,"highway-mpg":34,"price":"8949"}
{"symboling":0,"normalized-losses":"161","make":"jaguar","fuel-type":"gas","aspiration":"std","num-of-doors":"two","body-style":"sedan","drive-wheels":"rwd","engine-location":"front","wheel-base":102.0,"length":191.7,"width":70.6,"height":47.8,"curb-weight":3950,"engine-type":"ohcv","num-of-cylinders":"twelve","engine-size":326,"fuel-system":"mpfi","bore":"3.54","stroke":2.76,"compression-ratio":11.5,"horsepower":262.0,"peak-rpm":5000.0,"city-mpg":13,"highway-mpg":17,"price":"36000"}
{"symboling":2,"normalized-losses":"137","make":"honda","fuel-type":"gas","aspiration":"std","num-of-doors":"two","body-style":"hatchback","drive-wheels":"fwd","engine-location":"front","wheel-base":86.6,"length":144.6,"width":63.9,"height":50.8,"curb-weight":1713,"engine-type":"ohc","num-of-cylinders":"four","engine-size":92,"fuel-system":"1bbl","bore":"2.91","stroke":3.41,"compression-ratio":9.6,"horsepower":58.0,"peak-rpm":4800.0,"city-mpg":49,"highway-mpg":54,"price":"6479"}
{"symboling":-2,"normalized-losses":"103","make":"volvo","fuel-type":"gas","aspiration":"std","num-of-doors":"four","body-style":"sedan","drive-wheels":"rwd","engine-location":"front","wheel-base":104.3,"length":188.8,"width":67.2,"height":56.2,"curb-weight":2912,"engine-type":"ohc","num-of-cylinders":"four","engine-size":141,"fuel-system":"mpfi","bore":"3.78","stroke":3.15,"compression-ratio":9.5,"horsepower":114.0,"peak-rpm":5400.0,"city-mpg":23,"highway-mpg":28,"price":"12940"}
{"symboling":1,"normalized-losses":"161","make":"audi","fuel-type":"gas","aspiration":"std","num-of-doors":"four","body-style":"wagon","drive-wheels":"fwd","engine-location":"front","wheel-base":105.8,"length":192.7,"width":71.4,"height":55.7,"curb-weight":2954,"engine-type":"ohc","num-of-cylinders":"five","engine-size":136,"fuel-system":"mpfi","bore":"3.19","stroke":3.4,"compression-ratio":8.5,"horsepower":110.0,"peak-rpm":5500.0,"city-mpg":19,"highway-mpg":25,"price":"18920"}
{"symboling":0,"normalized-losses":"161","make":"mazda","fuel-type":"diesel","aspiration":"std","num-of-doors":"four","body-style":"sedan","drive-wheels":"fwd","engine-location":"front","wheel-base":98.8,"length":177.8,"width":66.5,"height":55.5,"curb-weight":2443,"engine-type":"ohc","num-of-cylinders":"four","engine-size":122,"fuel-system":"idi","bore":"3.39","stroke":3.39,"compression-ratio":22.7,"horsepower":64.0,"peak-rpm":4650.0,"city-mpg":36,"highway-mpg":42,"price":"10795"}
{"symboling":2,"normalized-losses":"94","make":"volkswagen","fuel-type":"gas","aspiration":"std","num-of-doors":"four","body-style":"sedan","drive-wheels":"fwd","engine-location":"front","wheel-base":97.3,"length":171.7,"width":65.5,"height":55.7,"curb-weight":2275,"engine-type":"ohc","num-of-cylinders":"four","engine-size":109,"fuel-system":"mpfi","bore":"3.19","stroke":3.4,"compression-ratio":9.0,"horsepower":85.0,"peak-rpm":5250.0,"city-mpg":27,"highway-mpg":34,"price":"8495"}
{"symboling":0,"normalized-losses":"106","make":"honda","fuel-type":"gas","aspiration":"std","num-of-doors":"two","body-style":"hatchback","drive-wheels":"fwd","engine-location":"front","wheel-base":96.5,"length":167.5,"width":65.2,"height":53.3,"curb-weight":2289,"engine-type":"ohc","num-of-cylinders":"four","engine-size":110,"fuel-system":"1bbl","bore":"3.15","stroke":3.58,"compression-ratio":9.0,"horsepower":86.0,"peak-rpm":5800.0,"city-mpg":27,"highway-mpg":33,"price":"9095"}
{"symboling":1,"normalized-losses":"103","make":"nissan","fuel-type":"gas","aspiration":"std","num-of-doors":"four","body-style":"wagon","drive-wheels":"fwd","engine-location":"front","wheel-base":94.5,"length":170.2,"width":63.8,"height":53.5,"curb-weight":2037,"engine-type":"ohc","num-of-cylinders":"four","engine-size":97,"fuel-system":"2bbl","bore":"3.15","stroke":3.29,"compression-ratio":9.4,"horsepower":69.0,"peak-rpm":5200.0,"city-mpg":31,"highway-mpg":37,"price":"7999"}
{"symboling":2,"normalized-losses":"137","make":"honda","fuel-type":"gas","aspiration":"std","num-of-doors":"two","body-style":"hatchback","drive-wheels":"fwd","engine-location":"front","wheel-base":86.6,"length":144.6,"width":63.9,"height":50.8,"curb-weight":1819,"engine-type":"ohc","num-of-cylinders":"four","engine-size":92,"fuel-system":"1bbl","bore":"2.91","stroke":3.41,"compression-ratio":9.2,"horsepower":76.0,"peak-rpm":6000.0,"city-mpg":31,"highway-mpg":38,"price":"6855"}
{"symboling":0,"normalized-losses":"102","make":"subaru","fuel-type":"gas","aspiration":"turbo","num-of-doors":"four","body-style":"sedan","drive-wheels":"4wd","engine-location":"front","wheel-base":97.0,"length":172.0,"width":65.4,"height":54.3,"curb-weight":2510,"engine-type":"ohcf","num-of-cylinders":"four","engine-size":108,"fuel-system":"mpfi","bore":"3.62","stroke":2.64,"compression-ratio":7.7,"horsepower":111.0,"peak-rpm":4800.0,"city-mpg":24,"highway-mpg":29,"price":"11259"}
{"symboling":0,"normalized-losses":"85","make":"honda","fuel-type":"gas","aspiration":"std","num-of-doors":"four","body-style":"sedan","drive-wheels":"fwd","engine-location":"front","wheel-base":96.5,"length":175.4,"width":65.2,"height":54.1,"curb-weight":2304,"engine-type":"ohc","num-of-cylinders":"four","engine-size":110,"fuel-system":"1bbl","bore":"3.15","stroke":3.58,"compression-ratio":9.0,"horsepower":86.0,"peak-rpm":5800.0,"city-mpg":27,"highway-mpg":33,"price":"8845"}
{"symboling":0,"normalized-losses":"161","make":"peugot","fuel-type":"gas","aspiration":"std","num-of-doors":"four","body-style":"sedan","drive-wheels":"rwd","engine-location":"front","wheel-base":107.9,"length":186.7,"width":68.4,"height":56.7,"curb-weight":3020,"engine-type":"l","num-of-cylinders":"four","engine-size":120,"fuel-system":"mpfi","bore":"3.46","stroke":3.19,"compression-ratio":8.4,"horsepower":97.0,"peak-rpm":5000.0,"city-mpg":19,"highway-mpg":24,"price":"11900"}
{"symboling":1,"normalized-losses":"128","make":"nissan","fuel-type":"gas","aspiration":"std","num-of-doors":"two","body-style":"sedan","drive-wheels":"fwd","engine-location":"front","wheel-base":94.5,"length":165.3,"width":63.8,"height":54.5,"curb-weight":1889,"engine-type":"ohc","num-of-cylinders":"four","engine-size":97,"fuel-system":"2bbl","bore":"3.15","stroke":3.29,"compression-ratio":9.4,"horsepower":69.0,"peak-rpm":5200.0,"city-mpg":31,"highway-mpg":37,"price":"5499"}
{"symboling":1,"normalized-losses":"119","make":"plymouth","fuel-type":"gas","aspiration":"turbo","num-of-doors":"two","body-style":"hatchback","drive-wheels":"fwd","engine-location":"front","wheel-base":93.7,"length":157.3,"width":63.8,"height":50.8,"curb-weight":2128,"engine-type":"ohc","num-of-cylinders":"four","engine-size":98,"fuel-system":"spdi","bore":"3.03","stroke":3.39,"compression-ratio":7.6,"horsepower":102.0,"peak-rpm":5500.0,"city-mpg":24,"highway-mpg":30,"price":"7957"}
{"symboling":2,"normalized-losses":"104","make":"saab","fuel-type":"gas","aspiration":"std","num-of-doors":"four","body-style":"sedan","drive-wheels":"fwd","engine-location":"front","wheel-base":99.1,"length":186.6,"width":66.5,"height":56.1,"curb-weight":2695,"engine-type":"ohc","num-of-cylinders":"four","engine-size":121,"fuel-system":"mpfi","bore":"3.54","stroke":3.07,"compression-ratio":9.3,"horsepower":110.0,"peak-rpm":5250.0,"city-mpg":21,"highway-mpg":28,"price":"12170"}
{"symboling":0,"normalized-losses":"91","make":"toyota","fuel-type":"gas","aspiration":"std","num-of-doors":"four","body-style":"hatchback","drive-wheels":"fwd","engine-location":"front","wheel-base":95.7,"length":166.3,"width":64.4,"height":52.8,"curb-weight":2109,"engine-type":"ohc","num-of-cylinders":"four","engine-size":98,"fuel-system":"2bbl","bore":"3.19","stroke":3.03,"compression-ratio":9.0,"horsepower":70.0,"peak-rpm":4800.0,"city-mpg":30,"highway-mpg":37,"price":"7198"}
{"symboling":0,"normalized-losses":"91","make":"toyota","fuel-type":"diesel","aspiration":"std","num-of-doors":"four","body-style":"hatchback","drive-wheels":"fwd","engine-location":"front","wheel-base":95.7,"length":166.3,"width":64.4,"height":52.8,"curb-weight":2275,"engine-type":"ohc","num-of-cylinders":"four","engine-size":110,"fuel-system":"idi","bore":"3.27","stroke":3.35,"compression-ratio":22.5,"horsepower":56.0,"peak-rpm":4500.0,"city-mpg":38,"highway-mpg":47,"price":"7788"}
{"symboling":0,"normalized-losses":"106","make":"nissan","fuel-type":"gas","aspiration":"std","num-of-doors":"four","body-style":"sedan","drive-wheels":"fwd","engine-location":"front","wheel-base":97.2,"length":173.4,"width":65.2,"height":54.7,"curb-weight":2302,"engine-type":"ohc","num-of-cylinders":"four","engine-size":120,"fuel-system":"2bbl","bore":"3.33","stroke":3.47,"compression-ratio":8.5,"horsepower":97.0,"peak-rpm":5200.0,"city-mpg":27,"highway-mpg":34,"price":"9549"}
{"symboling":2,"normalized-losses":"161","make":"audi","fuel-type":"gas","aspiration":"std","num-of-doors":"two","body-style":"sedan","drive-wheels":"fwd","engine-location":"front","wheel-base":99.8,"length":177.3,"width":66.3,"height":53.1,"curb-weight":2507,"engine-type":"ohc","num-of-cylinders":"five","engine-size":136,"fuel-system":"mpfi","bore":"3.19","stroke":3.4,"compression-ratio":8.5,"horsepower":110.0,"peak-rpm":5500.0,"city-mpg":19,"highway-mpg":25,"price":"15250"}
{"symboling":1,"normalized-losses":"168","make":"toyota","fuel-type":"gas","aspiration":"std","num-of-doors":"two","body-style":"hatchback","drive-wheels":"rwd","engine-location":"front","wheel-base":94.5,"length":168.7,"width":64.0,"height":52.6,"curb-weight":2204,"engine-type":"ohc","num-of-cylinders":"four","engine-size":98,"fuel-system":"2bbl","bore":"3.19","stroke":3.03,"compression-ratio":9.0,"horsepower":70.0,"peak-rpm":4800.0,"city-mpg":29,"highway-mpg":34,"price":"8238"}
{"symboling":-1,"normalized-losses":"74","make":"plymouth","fuel-type":"gas","aspiration":"std","num-of-doors":"four","body-style":"wagon","drive-wheels":"fwd","engine-location":"front","wheel-base":103.3,"length":174.6,"width":64.6,"height":59.8,"curb-weight":2535,"engine-type":"ohc","num-of-cylinders":"four","engine-size":122,"fuel-system":"2bbl","bore":"3.35","stroke":3.46,"compression-ratio":8.5,"horsepower":88.0,"peak-rpm":5000.0,"city-mpg":24,"highway-mpg":30,"price":"8921"}
{"symboling":0,"normalized-losses":"161","make":"peugot","fuel-type":"gas","aspiration":"turbo","num-of-doors":"four","body-style":"sedan","drive-wheels":"rwd","engine-location":"front","wheel-base":108.0,"length":186.7,"width":68.3,"height":56.0,"curb-weight":3130,"engine-type":"l","num-of-cylinders":"four","engine-size":134,"fuel-system":"mpfi","bore":"3.61","stroke":3.21,"compression-ratio":7.0,"horsepower":142.0,"peak-rpm":5600.0,"city-mpg":18,"highway-mpg":24,"price":"18150"}
{"symboling":0,"normalized-losses":"161","make":"renault","fuel-type":"gas","aspiration":"std","num-of-doors":"four","body-style":"wagon","drive-wheels":"fwd","engine-location":"front","wheel-base":96.1,"length":181.5,"width":66.5,"height":55.2,"curb-weight":2579,"engine-type":"ohc","num-of-cylinders":"four","engine-size":132,"fuel-system":"mpfi","bore":"3.46","stroke":3.9,"compression-ratio":8.7,"horsepower":104.2561576355,"peak-rpm":5125.3694581281,"city-mpg":23,"highway-mpg":31,"price":"9295"}
{"symboling":0,"normalized-losses":"145","make":"jaguar","fuel-type":"gas","aspiration":"std","num-of-doors":"four","body-style":"sedan","drive-wheels":"rwd","engine-location":"front","wheel-base":113.0,"length":199.6,"width":69.6,"height":52.8,"curb-weight":4066,"engine-type":"dohc","num-of-cylinders":"six","engine-size":258,"fuel-system":"mpfi","bore":"3.63","stroke":4.17,"compression-ratio":8.1,"horsepower":176.0,"peak-rpm":4750.0,"city-mpg":15,"highway-mpg":19,"price":"32250"}
{"symboling":1,"normalized-losses":"168","make":"toyota","fuel-type":"gas","aspiration":"std","num-of-doors":"two","body-style":"hatchback","drive-wheels":"rwd","engine-location":"front","wheel-base":94.5,"length":168.7,"width":64.0,"height":52.6,"curb-weight":2300,"engine-type":"dohc","num-of-cylinders":"four","engine-size":98,"fuel-system":"mpfi","bore":"3.24","stroke":3.08,"compression-ratio":9.4,"horsepower":112.0,"peak-rpm":6600.0,"city-mpg":26,"highway-mpg":29,"price":"9538"}
{"symboling":0,"normalized-losses":"77","make":"toyota","fuel-type":"gas","aspiration":"std","num-of-doors":"four","body-style":"wagon","drive-wheels":"fwd","engine-location":"front","wheel-base":95.7,"length":169.7,"width":63.6,"height":59.1,"curb-weight":2280,"engine-type":"ohc","num-of-cylinders":"four","engine-size":92,"fuel-system":"2bbl","bore":"3.05","stroke":3.03,"compression-ratio":9.0,"horsepower":62.0,"peak-rpm":4800.0,"city-mpg":31,"highway-mpg":37,"price":"6918"}
{"symboling":0,"normalized-losses":"115","make":"mazda","fuel-type":"gas","aspiration":"std","num-of-doors":"four","body-style":"sedan","drive-wheels":"fwd","engine-location":"front","wheel-base":98.8,"length":177.8,"width":66.5,"height":55.5,"curb-weight":2410,"engine-type":"ohc","num-of-cylinders":"four","engine-size":122,"fuel-system":"2bbl","bore":"3.39","stroke":3.39,"compression-ratio":8.6,"horsepower":84.0,"peak-rpm":4800.0,"city-mpg":26,"highway-mpg":32,"price":"8495"}
{"symboling":0,"normalized-losses":"81","make":"toyota","fuel-type":"gas","aspiration":"std","num-of-doors":"four","body-style":"wagon","drive-wheels":"4wd","engine-location":"front","wheel-base":95.7,"length":169.7,"width":63.6,"height":59.1,"curb-weight":2290,"engine-type":"ohc","num-of-cylinders":"four","engine-size":92,"fuel-system":"2bbl","bore":"3.05","stroke":3.03,"compression-ratio":9.0,"horsepower":62.0,"peak-rpm":4800.0,"city-mpg":27,"highway-mpg":32,"price":"7898"}
{"symboling":2,"normalized-losses":"134","make":"toyota","fuel-type":"gas","aspiration":"std","num-of-doors":"two","body-style":"hatchback","drive-wheels":"rwd","engine-location":"front","wheel-base":98.4,"length":176.2,"width":65.6,"height":52.0,"curb-weight":2714,"engine-type":"ohc","num-of-cylinders":"four","engine-size":146,"fuel-system":"mpfi","bore":"3.62","stroke":3.5,"compression-ratio":9.3,"horsepower":116.0,"peak-rpm":4800.0,"city-mpg":24,"highway-mpg":30,"price":"11549"}
{"symboling":0,"normalized-losses":"161","make":"volkswagen","fuel-type":"gas","aspiration":"std","num-of-doors":"four","body-style":"wagon","drive-wheels":"fwd","engine-location":"front","wheel-base":100.4,"length":183.1,"width":66.9,"height":55.1,"curb-weight":2563,"engine-type":"ohc","num-of-cylinders":"four","engine-size":109,"fuel-system":"mpfi","bore":"3.19","stroke":3.4,"compression-ratio":9.0,"horsepower":88.0,"peak-rpm":5500.0,"city-mpg":25,"highway-mpg":31,"price":"12290"}
{"symboling":1,"normalized-losses":"125","make":"mitsubishi","fuel-type":"gas","aspiration":"std","num-of-doors":"four","body-style":"sedan","drive-wheels":"fwd","engine-location":"front","wheel-base":96.3,"length":172.4,"width":65.4,"height":51.6,"curb-weight":2405,"engine-type":"ohc","num-of-cylinders":"four","engine-size":122,"fuel-system":"2bbl","bore":"3.35","stroke":3.46,"compression-ratio":8.5,"horsepower":88.0,"peak-rpm":5000.0,"city-mpg":25,"highway-mpg":32,"price":"8189"}
{"symboling":0,"normalized-losses":"161","make":"bmw","fuel-type":"gas","aspiration":"std","num-of-doors":"two","body-style":"sedan","drive-wheels":"rwd","engine-location":"front","wheel-base":103.5,"length":193.8,"width":67.9,"height":53.7,"curb-weight":3380,"engine-type":"ohc","num-of-cylinders":"six","engine-size":209,"fuel-system":"mpfi","bore":"3.62","stroke":3.39,"compression-ratio":8.0,"horsepower":182.0,"peak-rpm":5400.0,"city-mpg":16,"highway-mpg":22,"price":"41315"}
{"symboling":3,"normalized-losses":"161","make":"plymouth","fuel-type":"gas","aspiration":"turbo","num-of-doors":"two","body-style":"hatchback","drive-wheels":"rwd","engine-location":"front","wheel-base":95.9,"length":173.2,"width":66.3,"height":50.2,"curb-weight":2818,"engine-type":"ohc","num-of-cylinders":"four","engine-size":156,"fuel-system":"spdi","bore":"3.59","stroke":3.86,"compression-ratio":7.0,"horsepower":145.0,"peak-rpm":5000.0,"city-mpg":19,"highway-mpg":24,"price":"12764"}
{"symboling":0,"normalized-losses":"161","make":"bmw","fuel-type":"gas","aspiration":"std","num-of-doors":"four","body-style":"sedan","drive-wheels":"rwd","engine-location":"front","wheel-base":110.0,"length":197.0,"width":70.9,"height":56.3,"curb-weight":3505,"engine-type":"ohc","num-of-cylinders":"six","engine-size":209,"fuel-system":"mpfi","bore":"3.62","stroke":3.39,"compression-ratio":8.0,"horsepower":182.0,"peak-rpm":5400.0,"city-mpg":15,"highway-mpg":20,"price":"36880"}
{"symboling":2,"normalized-losses":"134","make":"toyota","fuel-type":"gas","aspiration":"std","num-of-doors":"two","body-style":"hardtop","drive-wheels":"rwd","engine-location":"front","wheel-base":98.4,"length":176.2,"width":65.6,"height":52.0,"curb-weight":2540,"engine-type":"ohc","num-of-cylinders":"four","engine-size":146,"fuel-system":"mpfi","bore":"3.62","stroke":3.5,"compression-ratio":9.3,"horsepower":116.0,"peak-rpm":4800.0,"city-mpg":24,"highway-mpg":30,"price":"8449"}
{"symboling":-1,"normalized-losses":"161","make":"toyota","fuel-type":"gas","aspiration":"std","num-of-doors":"four","body-style":"wagon","drive-wheels":"rwd","engine-location":"front","wheel-base":104.5,"length":187.8,"width":66.5,"height":54.1,"curb-weight":3151,"engine-type":"dohc","num-of-cylinders":"six","engine-size":161,"fuel-system":"mpfi","bore":"3.27","stroke":3.35,"compression-ratio":9.2,"horsepower":156.0,"peak-rpm":5200.0,"city-mpg":19,"highway-mpg":24,"price":"15750"}
{"symboling":1,"normalized-losses":"231","make":"nissan","fuel-type":"gas","aspiration":"std","num-of-doors":"two","body-style":"hatchback","drive-wheels":"rwd","engine-location":"front","wheel-base":99.2,"length":178.5,"width":67.9,"height":49.7,"curb-weight":3139,"engine-type":"ohcv","num-of-cylinders":"six","engine-size":181,"fuel-system":"mpfi","bore":"3.43","stroke":3.27,"compression-ratio":9.0,"horsepower":160.0,"peak-rpm":5200.0,"city-mpg":19,"highway-mpg":25,"price":"18399"}
{"symboling":1,"normalized-losses":"128","make":"nissan","fuel-type":"gas","aspiration":"std","num-of-doors":"two","body-style":"hatchback","drive-wheels":"fwd","engine-location":"front","wheel-base":94.5,"length":165.6,"width":63.8,"height":53.3,"curb-weight":2028,"engine-type":"ohc","num-of-cylinders":"four","engine-size":97,"fuel-system":"2bbl","bore":"3.15","stroke":3.29,"compression-ratio":9.4,"horsepower":69.0,"peak-rpm":5200.0,"city-mpg":31,"highway-mpg":37,"price":"7799"}
{"symboling":1,"normalized-losses":"154","make":"plymouth","fuel-type":"gas","aspiration":"std","num-of-doors":"four","body-style":"sedan","drive-wheels":"fwd","engine-location":"front","wheel-base":93.7,"length":167.3,"width":63.8,"height":50.8,"curb-weight":1989,"engine-type":"ohc","num-of-cylinders":"four","engine-size":90,"fuel-system":"2bbl","bore":"2.97","stroke":3.23,"compression-ratio":9.4,"horsepower":68.0,"peak-rpm":5500.0,"city-mpg":31,"highway-mpg":38,"price":"6692"}
{"symboling":1,"normalized-losses":"129","make":"mazda","fuel-type":"gas","aspiration":"std","num-of-doors":"two","body-style":"hatchback","drive-wheels":"fwd","engine-location":"front","wheel-base":98.8,"length":177.8,"width":66.5,"height":53.7,"curb-weight":2385,"engine-type":"ohc","num-of-cylinders":"four","engine-size":122,"fuel-system":"2bbl","bore":"3.39","stroke":3.39,"compression-ratio":8.6,"horsepower":84.0,"peak-rpm":4800.0,"city-mpg":26,"highway-mpg":32,"price":"8845"}
{"symboling":3,"normalized-losses":"145","make":"dodge","fuel-type":"gas","aspiration":"turbo","num-of-doors":"two","body-style":"hatchback","drive-wheels":"fwd","engine-location":"front","wheel-base":95.9,"length":173.2,"width":66.3,"height":50.2,"curb-weight":2811,"engine-type":"ohc","num-of-cylinders":"four","engine-size":156,"fuel-system":"mfi","bore":"3.6","stroke":3.9,"compression-ratio":7.0,"horsepower":145.0,"peak-rpm":5000.0,"city-mpg":19,"highway-mpg":24,"price":"12964"}
{"symboling":2,"normalized-losses":"161","make":"mitsubishi","fuel-type":"gas","aspiration":"std","num-of-doors":"two","body-style":"hatchback","drive-wheels":"fwd","engine-location":"front","wheel-base":93.7,"length":157.3,"width":64.4,"height":50.8,"curb-weight":1944,"engine-type":"ohc","num-of-cylinders":"four","engine-size":92,"fuel-system":"2bbl","bore":"2.97","stroke":3.23,"compression-ratio":9.4,"horsepower":68.0,"peak-rpm":5500.0,"city-mpg":31,"highway-mpg":38,"price":"6189"}
{"symboling":1,"normalized-losses":"104","make":"mazda","fuel-type":"gas","aspiration":"std","num-of-doors":"two","body-style":"hatchback","drive-wheels":"fwd","engine-location":"front","wheel-base":93.1,"length":159.1,"width":64.2,"height":54.1,"curb-weight":1890,"engine-type":"ohc","num-of-cylinders":"four","engine-size":91,"fuel-system":"2bbl","bore":"3.03","stroke":3.15,"compression-ratio":9.0,"horsepower":68.0,"peak-rpm":5000.0,"city-mpg":30,"highway-mpg":31,"price":"5195"}
{"symboling":3,"normalized-losses":"150","make":"mazda","fuel-type":"gas","aspiration":"std","num-of-doors":"two","body-style":"hatchback","drive-wheels":"rwd","engine-location":"front","wheel-base":95.3,"length":169.0,"width":65.7,"height":49.6,"curb-weight":2385,"engine-type":"rotor","num-of-cylinders":"two","engine-size":70,"fuel-system":"4bbl","bore":"3.03","stroke":3.2554228856,"compression-ratio":9.4,"horsepower":101.0,"peak-rpm":6000.0,"city-mpg":17,"highway-mpg":23,"price":"13645"}
{"symboling":-2,"normalized-losses":"103","make":"volvo","fuel-type":"gas","aspiration":"std","num-of-doors":"four","body-style":"sedan","drive-wheels":"rwd","engine-location":"front","wheel-base":104.3,"length":188.8,"width":67.2,"height":56.2,"curb-weight":2935,"engine-type":"ohc","num-of-cylinders":"four","engine-size":141,"fuel-system":"mpfi","bore":"3.78","stroke":3.15,"compression-ratio":9.5,"horsepower":114.0,"peak-rpm":5400.0,"city-mpg":24,"highway-mpg":28,"price":"15985"}
{"symboling":1,"normalized-losses":"104","make":"mazda","fuel-type":"gas","aspiration":"std","num-of-doors":"two","body-style":"hatchback","drive-wheels":"fwd","engine-location":"front","wheel-base":93.1,"length":159.1,"width":64.2,"height":54.1,"curb-weight":1905,"engine-type":"ohc","num-of-cylinders":"four","engine-size":91,"fuel-system":"2bbl","bore":"3.03","stroke":3.15,"compression-ratio":9.0,"horsepower":68.0,"peak-rpm":5000.0,"city-mpg":31,"highway-mpg":38,"price":"6795"}
{"symboling":2,"normalized-losses":"104","make":"saab","fuel-type":"gas","aspiration":"std","num-of-doors":"four","body-style":"sedan","drive-wheels":"fwd","engine-location":"front","wheel-base":99.1,"length":186.6,"width":66.5,"height":56.1,"curb-weight":2758,"engine-type":"ohc","num-of-cylinders":"four","engine-size":121,"fuel-system":"mpfi","bore":"3.54","stroke":3.07,"compression-ratio":9.3,"horsepower":110.0,"peak-rpm":5250.0,"city-mpg":21,"highway-mpg":28,"price":"15510"}
{"symboling":3,"normalized-losses":"161","make":"mitsubishi","fuel-type":"gas","aspiration":"turbo","num-of-doors":"two","body-style":"hatchback","drive-wheels":"fwd","engine-location":"front","wheel-base":95.9,"length":173.2,"width":66.3,"height":50.2,"curb-weight":2926,"engine-type":"ohc","num-of-cylinders":"four","engine-size":156,"fuel-system":"spdi","bore":"3.59","stroke":3.86,"compression-ratio":7.0,"horsepower":145.0,"peak-rpm":5000.0,"city-mpg":19,"highway-mpg":24,"price":"14489"}
{"symboling":2,"normalized-losses":"94","make":"volkswagen","fuel-type":"gas","aspiration":"std","num-of-doors":"four","body-style":"sedan","drive-wheels":"fwd","engine-location":"front","wheel-base":97.3,"length":171.7,"width":65.5,"height":55.7,"curb-weight":2300,"engine-type":"ohc","num-of-cylinders":"four","engine-size":109,"fuel-system":"mpfi","bore":"3.19","stroke":3.4,"compression-ratio":10.0,"horsepower":100.0,"peak-rpm":5500.0,"city-mpg":26,"highway-mpg":32,"price":"9995"}
{"symboling":2,"normalized-losses":"121","make":"chevrolet","fuel-type":"gas","aspiration":"std","num-of-doors":"two","body-style":"hatchback","drive-wheels":"fwd","engine-location":"front","wheel-base":88.4,"length":141.1,"width":60.3,"height":53.2,"curb-weight":1488,"engine-type":"l","num-of-cylinders":"three","engine-size":61,"fuel-system":"2bbl","bore":"2.91","stroke":3.03,"compression-ratio":9.5,"horsepower":48.0,"peak-rpm":5100.0,"city-mpg":47,"highway-mpg":53,"price":"5151"}
{"symboling":1,"normalized-losses":"87","make":"toyota","fuel-type":"gas","aspiration":"std","num-of-doors":"two","body-style":"hatchback","drive-wheels":"fwd","engine-location":"front","wheel-base":95.7,"length":158.7,"width":63.6,"height":54.5,"curb-weight":1985,"engine-type":"ohc","num-of-cylinders":"four","engine-size":92,"fuel-system":"2bbl","bore":"3.05","stroke":3.03,"compression-ratio":9.0,"horsepower":62.0,"peak-rpm":4800.0,"city-mpg":35,"highway-mpg":39,"price":"5348"}
{"symboling":0,"normalized-losses":"85","make":"subaru","fuel-type":"gas","aspiration":"std","num-of-doors":"four","body-style":"wagon","drive-wheels":"4wd","engine-location":"front","wheel-base":96.9,"length":173.6,"width":65.4,"height":54.9,"curb-weight":2420,"engine-type":"ohcf","num-of-cylinders":"four","engine-size":108,"fuel-system":"2bbl","bore":"3.62","stroke":2.64,"compression-ratio":9.0,"horsepower":82.0,"peak-rpm":4800.0,"city-mpg":23,"highway-mpg":29,"price":"8013"}
{"symboling":0,"normalized-losses":"115","make":"mazda","fuel-type":"gas","aspiration":"std","num-of-doors":"four","body-style":"sedan","drive-wheels":"fwd","engine-location":"front","wheel-base":98.8,"length":177.8,"width":66.5,"height":55.5,"curb-weight":2410,"engine-type":"ohc","num-of-cylinders":"four","engine-size":122,"fuel-system":"2bbl","bore":"3.39","stroke":3.39,"compression-ratio":8.6,"horsepower":84.0,"peak-rpm":4800.0,"city-mpg":26,"highway-mpg":32,"price":"10245"}
{"symboling":0,"normalized-losses":"188","make":"bmw","fuel-type":"gas","aspiration":"std","num-of-doors":"four","body-style":"sedan","drive-wheels":"rwd","engine-location":"front","wheel-base":101.2,"length":176.8,"width":64.8,"height":54.3,"curb-weight":2765,"engine-type":"ohc","num-of-cylinders":"six","engine-size":164,"fuel-system":"mpfi","bore":"3.31","stroke":3.19,"compression-ratio":9.0,"horsepower":121.0,"peak-rpm":4250.0,"city-mpg":21,"highway-mpg":28,"price":"21105"}
{"symboling":-1,"normalized-losses":"95","make":"volvo","fuel-type":"gas","aspiration":"turbo","num-of-doors":"four","body-style":"sedan","drive-wheels":"rwd","engine-location":"front","wheel-base":109.1,"length":188.8,"width":68.8,"height":55.5,"curb-weight":3049,"engine-type":"ohc","num-of-cylinders":"four","engine-size":141,"fuel-system":"mpfi","bore":"3.78","stroke":3.15,"compression-ratio":8.7,"horsepower":160.0,"peak-rpm":5300.0,"city-mpg":19,"highway-mpg":25,"price":"19045"}
{"symboling":3,"normalized-losses":"153","make":"mitsubishi","fuel-type":"gas","aspiration":"turbo","num-of-doors":"two","body-style":"hatchback","drive-wheels":"fwd","engine-location":"front","wheel-base":96.3,"length":173.0,"width":65.4,"height":49.4,"curb-weight":2370,"engine-type":"ohc","num-of-cylinders":"four","engine-size":110,"fuel-system":"spdi","bore":"3.17","stroke":3.46,"compression-ratio":7.5,"horsepower":116.0,"peak-rpm":5500.0,"city-mpg":23,"highway-mpg":30,"price":"9959"}
{"symboling":1,"normalized-losses":"161","make":"bmw","fuel-type":"gas","aspiration":"std","num-of-doors":"four","body-style":"sedan","drive-wheels":"rwd","engine-location":"front","wheel-base":103.5,"length":189.0,"width":66.9,"height":55.7,"curb-weight":3055,"engine-type":"ohc","num-of-cylinders":"six","engine-size":164,"fuel-system":"mpfi","bore":"3.31","stroke":3.19,"compression-ratio":9.0,"horsepower":121.0,"peak-rpm":4250.0,"city-mpg":20,"highway-mpg":25,"price":"24565"}
{"symboling":-1,"normalized-losses":"93","make":"mercedes-benz","fuel-type":"diesel","aspiration":"turbo","num-of-doors":"four","body-style":"sedan","drive-wheels":"rwd","engine-location":"front","wheel-base":115.6,"length":202.6,"width":71.7,"height":56.3,"curb-weight":3770,"engine-type":"ohc","num-of-cylinders":"five","engine-size":183,"fuel-system":"idi","bore":"3.58","stroke":3.64,"compression-ratio":21.5,"horsepower":123.0,"peak-rpm":4350.0,"city-mpg":22,"highway-mpg":25,"price":"31600"}
{"symboling":-1,"normalized-losses":"95","make":"volvo","fuel-type":"diesel","aspiration":"turbo","num-of-doors":"four","body-style":"sedan","drive-wheels":"rwd","engine-location":"front","wheel-base":109.1,"length":188.8,"width":68.9,"height":55.5,"curb-weight":3217,"engine-type":"ohc","num-of-cylinders":"six","engine-size":145,"fuel-system":"idi","bore":"3.01","stroke":3.4,"compression-ratio":23.0,"horsepower":106.0,"peak-rpm":4800.0,"city-mpg":26,"highway-mpg":27,"price":"22470"}
{"symboling":1,"normalized-losses":"122","make":"nissan","fuel-type":"gas","aspiration":"std","num-of-doors":"four","body-style":"sedan","drive-wheels":"fwd","engine-location":"front","wheel-base":94.5,"length":165.3,"width":63.8,"height":54.5,"curb-weight":1971,"engine-type":"ohc","num-of-cylinders":"four","engine-size":97,"fuel-system":"2bbl","bore":"3.15","stroke":3.29,"compression-ratio":9.4,"horsepower":69.0,"peak-rpm":5200.0,"city-mpg":31,"highway-mpg":37,"price":"7499"}
{"symboling":1,"normalized-losses":"118","make":"dodge","fuel-type":"gas","aspiration":"turbo","num-of-doors":"two","body-style":"hatchback","drive-wheels":"fwd","engine-location":"front","wheel-base":93.7,"length":157.3,"width":63.8,"height":50.8,"curb-weight":2128,"engine-type":"ohc","num-of-cylinders":"four","engine-size":98,"fuel-system":"mpfi","bore":"3.03","stroke":3.39,"compression-ratio":7.6,"horsepower":102.0,"peak-rpm":5500.0,"city-mpg":24,"highway-mpg":30,"price":"7957"}
{"symboling":1,"normalized-losses":"161","make":"mercury","fuel-type":"gas","aspiration":"turbo","num-of-doors":"two","body-style":"hatchback","drive-wheels":"rwd","engine-location":"front","wheel-base":102.7,"length":178.4,"width":68.0,"height":54.8,"curb-weight":2910,"engine-type":"ohc","num-of-cylinders":"four","engine-size":140,"fuel-system":"mpfi","bore":"3.78","stroke":3.12,"compression-ratio":8.0,"horsepower":175.0,"peak-rpm":5000.0,"city-mpg":19,"highway-mpg":24,"price":"16503"}
{"symboling":3,"normalized-losses":"150","make":"mazda","fuel-type":"gas","aspiration":"std","num-of-doors":"two","body-style":"hatchback","drive-wheels":"rwd","engine-location":"front","wheel-base":95.3,"length":169.0,"width":65.7,"height":49.6,"curb-weight":2500,"engine-type":"rotor","num-of-cylinders":"two","engine-size":80,"fuel-system":"mpfi","bore":"3.78","stroke":3.2554228856,"compression-ratio":9.4,"horsepower":135.0,"peak-rpm":6000.0,"city-mpg":16,"highway-mpg":23,"price":"15645"}
{"symboling":1,"normalized-losses":"148","make":"dodge","fuel-type":"gas","aspiration":"std","num-of-doors":"four","body-style":"sedan","drive-wheels":"fwd","engine-location":"front","wheel-base":93.7,"length":157.3,"width":63.8,"height":50.6,"curb-weight":1989,"engine-type":"ohc","num-of-cylinders":"four","engine-size":90,"fuel-system":"2bbl","bore":"2.97","stroke":3.23,"compression-ratio":9.4,"horsepower":68.0,"peak-rpm":5500.0,"city-mpg":31,"highway-mpg":38,"price":"7609"}
{"symboling":0,"normalized-losses":"161","make":"peugot","fuel-type":"diesel","aspiration":"turbo","num-of-doors":"four","body-style":"sedan","drive-wheels":"rwd","engine-location":"front","wheel-base":107.9,"length":186.7,"width":68.4,"height":56.7,"curb-weight":3252,"engine-type":"l","num-of-cylinders":"four","engine-size":152,"fuel-system":"idi","bore":"3.7","stroke":3.52,"compression-ratio":21.0,"horsepower":95.0,"peak-rpm":4150.0,"city-mpg":28,"highway-mpg":33,"price":"17950"}
{"symboling":2,"normalized-losses":"94","make":"volkswagen","fuel-type":"diesel","aspiration":"std","num-of-doors":"four","body-style":"sedan","drive-wheels":"fwd","engine-location":"front","wheel-base":97.3,"length":171.7,"width":65.5,"height":55.7,"curb-weight":2264,"engine-type":"ohc","num-of-cylinders":"four","engine-size":97,"fuel-system":"idi","bore":"3.01","stroke":3.4,"compression-ratio":23.0,"horsepower":52.0,"peak-rpm":4800.0,"city-mpg":37,"highway-mpg":46,"price":"7995"}
{"symboling":1,"normalized-losses":"104","make":"mazda","fuel-type":"gas","aspiration":"std","num-of-doors":"two","body-style":"hatchback","drive-wheels":"fwd","engine-location":"front","wheel-base":93.1,"length":159.1,"width":64.2,"height":54.1,"curb-weight":1900,"engine-type":"ohc","num-of-cylinders":"four","engine-size":91,"fuel-system":"2bbl","bore":"3.03","stroke":3.15,"compression-ratio":9.0,"horsepower":68.0,"peak-rpm":5000.0,"city-mpg":31,"highway-mpg":38,"price":"6095"}
{"symboling":3,"normalized-losses":"161","make":"porsche","fuel-type":"gas","aspiration":"std","num-of-doors":"two","body-style":"hardtop","drive-wheels":"rwd","engine-location":"rear","wheel-base":89.5,"length":168.9,"width":65.0,"height":51.6,"curb-weight":2756,"engine-type":"ohcf","num-of-cylinders":"six","engine-size":194,"fuel-system":"mpfi","bore":"3.74","stroke":2.9,"compression-ratio":9.5,"horsepower":207.0,"peak-rpm":5900.0,"city-mpg":17,"highway-mpg":25,"price":"32528"}
{"symboling":1,"normalized-losses":"128","make":"nissan","fuel-type":"diesel","aspiration":"std","num-of-doors":"two","body-style":"sedan","drive-wheels":"fwd","engine-location":"front","wheel-base":94.5,"length":165.3,"width":63.8,"height":54.5,"curb-weight":2017,"engine-type":"ohc","num-of-cylinders":"four","engine-size":103,"fuel-system":"idi","bore":"2.99","stroke":3.47,"compression-ratio":21.9,"horsepower":55.0,"peak-rpm":4800.0,"city-mpg":45,"highway-mpg":50,"price":"7099"}
{"symboling":3,"normalized-losses":"161","make":"alfa-romero","fuel-type":"gas","aspiration":"std","num-of-doors":"two","body-style":"convertible","drive-wheels":"rwd","engine-location":"front","wheel-base":88.6,"length":168.8,"width":64.1,"height":48.8,"curb-weight":2548,"engine-type":"dohc","num-of-cylinders":"four","engine-size":130,"fuel-system":"mpfi","bore":"3.47","stroke":2.68,"compression-ratio":9.0,"horsepower":111.0,"peak-rpm":5000.0,"city-mpg":21,"highway-mpg":27,"price":"13495"}
{"symboling":1,"normalized-losses":"101","make":"honda","fuel-type":"gas","aspiration":"std","num-of-doors":"two","body-style":"hatchback","drive-wheels":"fwd","engine-location":"front","wheel-base":93.7,"length":150.0,"width":64.0,"height":52.6,"curb-weight":1837,"engine-type":"ohc","num-of-cylinders":"four","engine-size":79,"fuel-system":"1bbl","bore":"2.91","stroke":3.07,"compression-ratio":10.1,"horsepower":60.0,"peak-rpm":5500.0,"city-mpg":38,"highway-mpg":42,"price":"5399"}
{"symboling":1,"normalized-losses":"161","make":"porsche","fuel-type":"gas","aspiration":"std","num-of-doors":"two","body-style":"hatchback","drive-wheels":"rwd","engine-location":"front","wheel-base":98.4,"length":175.7,"width":72.3,"height":50.5,"curb-weight":3366,"engine-type":"dohcv","num-of-cylinders":"eight","engine-size":203,"fuel-system":"mpfi","bore":"3.94","stroke":3.11,"compression-ratio":10.0,"horsepower":288.0,"peak-rpm":5750.0,"city-mpg":17,"highway-mpg":28,"price":"Not"}
{"symboling":0,"normalized-losses":"91","make":"toyota","fuel-type":"gas","aspiration":"std","num-of-doors":"four","body-style":"hatchback","drive-wheels":"fwd","engine-location":"front","wheel-base":95.7,"length":166.3,"width":64.4,"height":52.8,"curb-weight":2122,"engine-type":"ohc","num-of-cylinders":"four","engine-size":98,"fuel-system":"2bbl","bore":"3.19","stroke":3.03,"compression-ratio":9.0,"horsepower":70.0,"peak-rpm":4800.0,"city-mpg":28,"highway-mpg":34,"price":"8358"}
{"symboling":-1,"normalized-losses":"74","make":"volvo","fuel-type":"gas","aspiration":"std","num-of-doors":"four","body-style":"wagon","drive-wheels":"rwd","engine-location":"front","wheel-base":104.3,"length":188.8,"width":67.2,"height":57.5,"curb-weight":3034,"engine-type":"ohc","num-of-cylinders":"four","engine-size":141,"fuel-system":"mpfi","bore":"3.78","stroke":3.15,"compression-ratio":9.5,"horsepower":114.0,"peak-rpm":5400.0,"city-mpg":23,"highway-mpg":28,"price":"13415"}
{"symboling":0,"normalized-losses":"161","make":"peugot","fuel-type":"gas","aspiration":"std","num-of-doors":"four","body-style":"wagon","drive-wheels":"rwd","engine-location":"front","wheel-base":114.2,"length":198.9,"width":68.4,"height":56.7,"curb-weight":3285,"engine-type":"l","num-of-cylinders":"four","engine-size":120,"fuel-system":"mpfi","bore":"3.46","stroke":2.19,"compression-ratio":8.4,"horsepower":95.0,"peak-rpm":5000.0,"city-mpg":19,"highway-mpg":24,"price":"16695"}
{"symboling":1,"normalized-losses":"148","make":"dodge","fuel-type":"gas","aspiration":"std","num-of-doors":"four","body-style":"hatchback","drive-wheels":"fwd","engine-location":"front","wheel-base":93.7,"length":157.3,"width":63.8,"height":50.6,"curb-weight":1967,"engine-type":"ohc","num-of-cylinders":"four","engine-size":90,"fuel-system":"2bbl","bore":"2.97","stroke":3.23,"compression-ratio":9.4,"horsepower":68.0,"peak-rpm":5500.0,"city-mpg":31,"highway-mpg":38,"price":"6229"}
{"symboling":0,"normalized-losses":"106","make":"honda","fuel-type":"gas","aspiration":"std","num-of-doors":"two","body-style":"hatchback","drive-wheels":"fwd","engine-location":"front","wheel-base":96.5,"length":167.5,"width":65.2,"height":53.3,"curb-weight":2236,"engine-type":"ohc","num-of-cylinders":"four","engine-size":110,"fuel-system":"1bbl","bore":"3.15","stroke":3.58,"compression-ratio":9.0,"horsepower":86.0,"peak-rpm":5800.0,"city-mpg":27,"highway-mpg":33,"price":"7895"}
{"symboling":1,"normalized-losses":"118","make":"dodge","fuel-type":"gas","aspiration":"std","num-of-doors":"two","body-style":"hatchback","drive-wheels":"fwd","engine-location":"front","wheel-base":93.7,"length":157.3,"width":63.8,"height":50.8,"curb-weight":1876,"engine-type":"ohc","num-of-cylinders":"four","engine-size":90,"fuel-system":"2bbl","bore":"2.97","stroke":3.23,"compression-ratio":9.41,"horsepower":68.0,"peak-rpm":5500.0,"city-mpg":37,"highway-mpg":41,"price":"5572"}
{"symboling":3,"normalized-losses":"161","make":"mitsubishi","fuel-type":"gas","aspiration":"turbo","num-of-doors":"two","body-style":"hatchback","drive-wheels":"fwd","engine-location":"front","wheel-base":95.9,"length":173.2,"width":66.3,"height":50.2,"curb-weight":2921,"engine-type":"ohc","num-of-cylinders":"four","engine-size":156,"fuel-system":"spdi","bore":"3.59","stroke":3.86,"compression-ratio":7.0,"horsepower":145.0,"peak-rpm":5000.0,"city-mpg":19,"highway-mpg":24,"price":"14869"}
{"symboling":2,"normalized-losses":"134","make":"toyota","fuel-type":"gas","aspiration":"std","num-of-doors":"two","body-style":"hardtop","drive-wheels":"rwd","engine-location":"front","wheel-base":98.4,"length":176.2,"width":65.6,"height":52.0,"curb-weight":2536,"engine-type":"ohc","num-of-cylinders":"four","engine-size":146,"fuel-system":"mpfi","bore":"3.62","stroke":3.5,"compression-ratio":9.3,"horsepower":116.0,"peak-rpm":4800.0,"city-mpg":24,"highway-mpg":30,"price":"9639"}
{"symboling":0,"normalized-losses":"161","make":"volkswagen","fuel-type":"diesel","aspiration":"turbo","num-of-doors":"four","body-style":"sedan","drive-wheels":"fwd","engine-location":"front","wheel-base":100.4,"length":180.2,"width":66.9,"height":55.1,"curb-weight":2579,"engine-type":"ohc","num-of-cylinders":"four","engine-size":97,"fuel-system":"idi","bore":"3.01","stroke":3.4,"compression-ratio":23.0,"horsepower":68.0,"peak-rpm":4500.0,"city-mpg":33,"highway-mpg":38,"price":"13845"}
{"symboling":1,"normalized-losses":"158","make":"audi","fuel-type":"gas","aspiration":"turbo","num-of-doors":"four","body-style":"sedan","drive-wheels":"fwd","engine-location":"front","wheel-base":105.8,"length":192.7,"width":71.4,"height":55.9,"curb-weight":3086,"engine-type":"ohc","num-of-cylinders":"five","engine-size":131,"fuel-system":"mpfi","bore":"3.13","stroke":3.4,"compression-ratio":8.3,"horsepower":140.0,"peak-rpm":5500.0,"city-mpg":17,"highway-mpg":20,"price":"23875"}
{"symboling":2,"normalized-losses":"122","make":"volkswagen","fuel-type":"gas","aspiration":"std","num-of-doors":"two","body-style":"sedan","drive-wheels":"fwd","engine-location":"front","wheel-base":97.3,"length":171.7,"width":65.5,"height":55.7,"curb-weight":2209,"engine-type":"ohc","num-of-cylinders":"four","engine-size":109,"fuel-system":"mpfi","bore":"3.19","stroke":3.4,"compression-ratio":9.0,"horsepower":85.0,"peak-rpm":5250.0,"city-mpg":27,"highway-mpg":34,"price":"7975"}
{"symboling":-1,"normalized-losses":"93","make":"mercedes-benz","fuel-type":"diesel","aspiration":"turbo","num-of-doors":"four","body-style":"sedan","drive-wheels":"rwd","engine-location":"front","wheel-base":110.0,"length":190.9,"width":70.3,"height":56.5,"curb-weight":3515,"engine-type":"ohc","num-of-cylinders":"five","engine-size":183,"fuel-system":"idi","bore":"3.58","stroke":3.64,"compression-ratio":21.5,"horsepower":123.0,"peak-rpm":4350.0,"city-mpg":22,"highway-mpg":25,"price":"25552"}
{"symboling":3,"normalized-losses":"256","make":"volkswagen","fuel-type":"gas","aspiration":"std","num-of-doors":"two","body-style":"hatchback","drive-wheels":"fwd","engine-location":"front","wheel-base":94.5,"length":165.7,"width":64.0,"height":51.4,"curb-weight":2221,"engine-type":"ohc","num-of-cylinders":"four","engine-size":109,"fuel-system":"mpfi","bore":"3.19","stroke":3.4,"compression-ratio":8.5,"horsepower":90.0,"peak-rpm":5500.0,"city-mpg":24,"highway-mpg":29,"price":"9980"}
{"symboling":3,"normalized-losses":"186","make":"porsche","fuel-type":"gas","aspiration":"std","num-of-doors":"two","body-style":"hatchback","drive-wheels":"rwd","engine-location":"front","wheel-base":94.5,"length":168.9,"width":68.3,"height":50.2,"curb-weight":2778,"engine-type":"ohc","num-of-cylinders":"four","engine-size":151,"fuel-system":"mpfi","bore":"3.94","stroke":3.11,"compression-ratio":9.5,"horsepower":143.0,"peak-rpm":5500.0,"city-mpg":19,"highway-mpg":27,"price":"22018"}
{"symboling":2,"normalized-losses":"164","make":"audi","fuel-type":"gas","aspiration":"std","num-of-doors":"four","body-style":"sedan","drive-wheels":"fwd","engine-location":"front","wheel-base":99.8,"length":176.6,"width":66.2,"height":54.3,"curb-weight":2337,"engine-type":"ohc","num-of-cylinders":"four","engine-size":109,"fuel-system":"mpfi","bore":"3.19","stroke":3.4,"compression-ratio":10.0,"horsepower":102.0,"peak-rpm":5500.0,"city-mpg":24,"highway-mpg":30,"price":"13950"}
{"symboling":0,"normalized-losses":"110","make":"honda","fuel-type":"gas","aspiration":"std","num-of-doors":"four","body-style":"sedan","drive-wheels":"fwd","engine-location":"front","wheel-base":96.5,"length":163.4,"width":64.0,"height":54.5,"curb-weight":2010,"engine-type":"ohc","num-of-cylinders":"four","engine-size":92,"fuel-system":"1bbl","bore":"2.91","stroke":3.41,"compression-ratio":9.2,"horsepower":76.0,"peak-rpm":6000.0,"city-mpg":30,"highway-mpg":34,"price":"7295"}
{"symboling":0,"normalized-losses":"161","make":"volkswagen","fuel-type":"gas","aspiration":"std","num-of-doors":"four","body-style":"sedan","drive-wheels":"fwd","engine-location":"front","wheel-base":100.4,"length":180.2,"width":66.9,"height":55.1,"curb-weight":2661,"engine-type":"ohc","num-of-cylinders":"five","engine-size":136,"fuel-system":"mpfi","bore":"3.19","stroke":3.4,"compression-ratio":8.5,"horsepower":110.0,"peak-rpm":5500.0,"city-mpg":19,"highway-mpg":24,"price":"13295"}
{"symboling":3,"normalized-losses":"194","make":"nissan","fuel-type":"gas","aspiration":"std","num-of-doors":"two","body-style":"hatchback","drive-wheels":"rwd","engine-location":"front","wheel-base":91.3,"length":170.7,"width":67.9,"height":49.7,"curb-weight":3071,"engine-type":"ohcv","num-of-cylinders":"six","engine-size":181,"fuel-system":"mpfi","bore":"3.43","stroke":3.27,"compression-ratio":9.0,"horsepower":160.0,"peak-rpm":5200.0,"city-mpg":19,"highway-mpg":25,"price":"17199"}
{"symboling":3,"normalized-losses":"161","make":"mitsubishi","fuel-type":"gas","aspiration":"turbo","num-of-doors":"two","body-style":"hatchback","drive-wheels":"fwd","engine-location":"front","wheel-base":95.9,"length":173.2,"width":66.3,"height":50.2,"curb-weight":2833,"engine-type":"ohc","num-of-cylinders":"four","engine-size":156,"fuel-system":"spdi","bore":"3.58","stroke":3.86,"compression-ratio":7.0,"horsepower":145.0,"peak-rpm":5000.0,"city-mpg":19,"highway-mpg":24,"price":"12629"}
{"symboling":1,"normalized-losses":"113","make":"mazda","fuel-type":"gas","aspiration":"std","num-of-doors":"four","body-style":"sedan","drive-wheels":"fwd","engine-location":"front","wheel-base":93.1,"length":166.8,"width":64.2,"height":54.1,"curb-weight":1945,"engine-type":"ohc","num-of-cylinders":"four","engine-size":91,"fuel-system":"2bbl","bore":"3.03","stroke":3.15,"compression-ratio":9.0,"horsepower":68.0,"peak-rpm":5000.0,"city-mpg":31,"highway-mpg":38,"price":"6695"}
{"symboling":0,"normalized-losses":"91","make":"toyota","fuel-type":"diesel","aspiration":"std","num-of-doors":"four","body-style":"sedan","drive-wheels":"fwd","engine-location":"front","wheel-base":95.7,"length":166.3,"width":64.4,"height":53.0,"curb-weight":2275,"engine-type":"ohc","num-of-cylinders":"four","engine-size":110,"fuel-system":"idi","bore":"3.27","stroke":3.35,"compression-ratio":22.5,"horsepower":56.0,"peak-rpm":4500.0,"city-mpg":34,"highway-mpg":36,"price":"7898"}
{"symboling":3,"normalized-losses":"150","make":"saab","fuel-type":"gas","aspiration":"std","num-of-doors":"two","body-style":"hatchback","drive-wheels":"fwd","engine-location":"front","wheel-base":99.1,"length":186.6,"width":66.5,"height":56.1,"curb-weight":2658,"engine-type":"ohc","num-of-cylinders":"four","engine-size":121,"fuel-system":"mpfi","bore":"3.54","stroke":3.07,"compression-ratio":9.31,"horsepower":110.0,"peak-rpm":5250.0,"city-mpg":21,"highway-mpg":28,"price":"11850"}
{"symboling":2,"normalized-losses":"94","make":"volkswagen","fuel-type":"diesel","aspiration":"turbo","num-of-doors":"four","body-style":"sedan","drive-wheels":"fwd","engine-location":"front","wheel-base":97.3,"length":171.7,"width":65.5,"height":55.7,"curb-weight":2319,"engine-type":"ohc","num-of-cylinders":"four","engine-size":97,"fuel-system":"idi","bore":"3.01","stroke":3.4,"compression-ratio":23.0,"horsepower":68.0,"peak-rpm":4500.0,"city-mpg":37,"highway-mpg":42,"price":"9495"}
{"symboling":3,"normalized-losses":"161","make":"alfa-romero","fuel-type":"gas","aspiration":"std","num-of-doors":"two","body-style":"convertible","drive-wheels":"rwd","engine-location":"front","wheel-base":88.6,"length":168.8,"width":64.1,"height":48.8,"curb-weight":2548,"engine-type":"dohc","num-of-cylinders":"four","engine-size":130,"fuel-system":"mpfi","bore":"3.47","stroke":2.68,"compression-ratio":9.0,"horsepower":111.0,"peak-rpm":5000.0,"city-mpg":21,"highway-mpg":27,"price":"16500"}
{"symboling":0,"normalized-losses":"102","make":"subaru","fuel-type":"gas","aspiration":"std","num-of-doors":"four","body-style":"sedan","drive-wheels":"fwd","engine-location":"front","wheel-base":97.2,"length":172.0,"width":65.4,"height":52.5,"curb-weight":2340,"engine-type":"ohcf","num-of-cylinders":"four","engine-size":108,"fuel-system":"mpfi","bore":"3.62","stroke":2.64,"compression-ratio":9.0,"horsepower":94.0,"peak-rpm":5200.0,"city-mpg":26,"highway-mpg":32,"price":"9960"}
{"symboling":1,"normalized-losses":"154","make":"plymouth","fuel-type":"gas","aspiration":"std","num-of-doors":"four","body-style":"hatchback","drive-wheels":"fwd","engine-location":"front","wheel-base":93.7,"length":157.3,"width":63.8,"height":50.6,"curb-weight":1967,"engine-type":"ohc","num-of-cylinders":"four","engine-size":90,"fuel-system":"2bbl","bore":"2.97","stroke":3.23,"compression-ratio":9.4,"horsepower":68.0,"peak-rpm":5500.0,"city-mpg":31,"highway-mpg":38,"price":"6229"}
{"symboling":0,"normalized-losses":"91","make":"toyota","fuel-type":"gas","aspiration":"std","num-of-doors":"four","body-style":"wagon","drive-wheels":"4wd","engine-location":"front","wheel-base":95.7,"length":169.7,"width":63.6,"height":59.1,"curb-weight":3110,"engine-type":"ohc","num-of-cylinders":"four","engine-size":92,"fuel-system":"2bbl","bore":"3.05","stroke":3.03,"compression-ratio":9.0,"horsepower":62.0,"peak-rpm":4800.0,"city-mpg":27,"highway-mpg":32,"price":"8778"}
{"symboling":1,"normalized-losses":"107","make":"honda","fuel-type":"gas","aspiration":"std","num-of-doors":"two","body-style":"sedan","drive-wheels":"fwd","engine-location":"front","wheel-base":96.5,"length":169.1,"width":66.0,"height":51.0,"curb-weight":2293,"engine-type":"ohc","num-of-cylinders":"four","engine-size":110,"fuel-system":"2bbl","bore":"3.15","stroke":3.58,"compression-ratio":9.1,"horsepower":100.0,"peak-rpm":5500.0,"city-mpg":25,"highway-mpg":31,"price":"10345"}
{"symboling":0,"normalized-losses":"192","make":"bmw","fuel-type":"gas","aspiration":"std","num-of-doors":"four","body-style":"sedan","drive-wheels":"rwd","engine-location":"front","wheel-base":101.2,"length":176.8,"width":64.8,"height":54.3,"curb-weight":2395,"engine-type":"ohc","num-of-cylinders":"four","engine-size":108,"fuel-system":"mpfi","bore":"3.5","stroke":2.8,"compression-ratio":8.8,"horsepower":101.0,"peak-rpm":5800.0,"city-mpg":23,"highway-mpg":29,"price":"16925"}
{"symboling":1,"normalized-losses":"161","make":"mitsubishi","fuel-type":"gas","aspiration":"turbo","num-of-doors":"two","body-style":"hatchback","drive-wheels":"fwd","engine-location":"front","wheel-base":93.0,"length":157.3,"width":63.8,"height":50.8,"curb-weight":2145,"engine-type":"ohc","num-of-cylinders":"four","engine-size":98,"fuel-system":"spdi","bore":"3.03","stroke":3.39,"compression-ratio":7.6,"horsepower":102.0,"peak-rpm":5500.0,"city-mpg":24,"highway-mpg":30,"price":"7689"}
{"symboling":0,"normalized-losses":"89","make":"subaru","fuel-type":"gas","aspiration":"std","num-of-doors":"four","body-style":"wagon","drive-wheels":"fwd","engine-location":"front","wheel-base":97.0,"length":173.5,"width":65.4,"height":53.0,"curb-weight":2290,"engine-type":"ohcf","num-of-cylinders":"four","engine-size":108,"fuel-system":"2bbl","bore":"3.62","stroke":2.64,"compression-ratio":9.0,"horsepower":82.0,"peak-rpm":4800.0,"city-mpg":28,"highway-mpg":32,"price":"7463"}
{"symboling":2,"normalized-losses":"83","make":"subaru","fuel-type":"gas","aspiration":"std","num-of-doors":"two","body-style":"hatchback","drive-wheels":"4wd","engine-location":"front","wheel-base":93.3,"length":157.3,"width":63.8,"height":55.7,"curb-weight":2240,"engine-type":"ohcf","num-of-cylinders":"four","engine-size":108,"fuel-system":"2bbl","bore":"3.62","stroke":2.64,"compression-ratio":8.7,"horsepower":73.0,"peak-rpm":4400.0,"city-mpg":26,"highway-mpg":31,"price":"7603"}
{"symboling":2,"normalized-losses":"83","make":"subaru","fuel-type":"gas","aspiration":"std","num-of-doors":"two","body-style":"hatchback","drive-wheels":"fwd","engine-location":"front","wheel-base":93.7,"length":157.9,"width":63.6,"height":53.7,"curb-weight":2120,"engine-type":"ohcf","num-of-cylinders":"four","engine-size":108,"fuel-system":"2bbl","bore":"3.62","stroke":2.64,"compression-ratio":8.7,"horsepower":73.0,"peak-rpm":4400.0,"city-mpg":26,"highway-mpg":31,"price":"7053"}
{"symboling":0,"normalized-losses":"161","make":"peugot","fuel-type":"gas","aspiration":"std","num-of-doors":"four","body-style":"sedan","drive-wheels":"rwd","engine-location":"front","wheel-base":107.9,"length":186.7,"width":68.4,"height":56.7,"curb-weight":3075,"engine-type":"l","num-of-cylinders":"four","engine-size":120,"fuel-system":"mpfi","bore":"3.46","stroke":3.19,"compression-ratio":8.4,"horsepower":97.0,"peak-rpm":5000.0,"city-mpg":19,"highway-mpg":24,"price":"16630"}
{"symboling":-1,"normalized-losses":"65","make":"toyota","fuel-type":"gas","aspiration":"std","num-of-doors":"four","body-style":"sedan","drive-wheels":"fwd","engine-location":"front","wheel-base":102.4,"length":175.6,"width":66.5,"height":54.9,"curb-weight":2414,"engine-type":"ohc","num-of-cylinders":"four","engine-size":122,"fuel-system":"mpfi","bore":"3.31","stroke":3.54,"compression-ratio":8.7,"horsepower":92.0,"peak-rpm":4200.0,"city-mpg":27,"highway-mpg":32,"price":"10898"}
{"symboling":1,"normalized-losses":"101","make":"honda","fuel-type":"gas","aspiration":"std","num-of-doors":"two","body-style":"hatchback","drive-wheels":"fwd","engine-location":"front","wheel-base":93.7,"length":150.0,"width":64.0,"height":52.6,"curb-weight":1956,"engine-type":"ohc","num-of-cylinders":"four","engine-size":92,"fuel-system":"1bbl","bore":"2.91","stroke":3.41,"compression-ratio":9.2,"horsepower":76.0,"peak-rpm":6000.0,"city-mpg":30,"highway-mpg":34,"price":"7129"}
{"symboling":0,"normalized-losses":"91","make":"toyota","fuel-type":"gas","aspiration":"std","num-of-doors":"four","body-style":"sedan","drive-wheels":"fwd","engine-location":"front","wheel-base":95.7,"length":166.3,"width":64.4,"height":52.8,"curb-weight":2140,"engine-type":"ohc","num-of-cylinders":"four","engine-size":98,"fuel-system":"2bbl","bore":"3.19","stroke":3.03,"compression-ratio":9.0,"horsepower":70.0,"peak-rpm":4800.0,"city-mpg":28,"highway-mpg":34,"price":"9258"}
{"symboling":2,"normalized-losses":"104","make":"saab","fuel-type":"gas","aspiration":"turbo","num-of-doors":"four","body-style":"sedan","drive-wheels":"fwd","engine-location":"front","wheel-base":99.1,"length":186.6,"width":66.5,"height":56.1,"curb-weight":2847,"engine-type":"dohc","num-of-cylinders":"four","engine-size":121,"fuel-system":"mpfi","bore":"3.54","stroke":3.07,"compression-ratio":9.0,"horsepower":160.0,"peak-rpm":5500.0,"city-mpg":19,"highway-mpg":26,"price":"18620"}
{"symboling":0,"normalized-losses":"161","make":"peugot","fuel-type":"diesel","aspiration":"turbo","num-of-doors":"four","body-style":"wagon","drive-wheels":"rwd","engine-location":"front","wheel-base":114.2,"length":198.9,"width":68.4,"height":58.7,"curb-weight":3485,"engine-type":"l","num-of-cylinders":"four","engine-size":152,"fuel-system":"idi","bore":"3.7","stroke":3.52,"compression-ratio":21.0,"horsepower":95.0,"peak-rpm":4150.0,"city-mpg":25,"highway-mpg":25,"price":"17075"}
{"symboling":-1,"normalized-losses":"95","make":"volvo","fuel-type":"gas","aspiration":"turbo","num-of-doors":"four","body-style":"sedan","drive-wheels":"rwd","engine-location":"front","wheel-base":109.1,"length":188.8,"width":68.9,"height":55.5,"curb-weight":3062,"engine-type":"ohc","num-of-cylinders":"four","engine-size":141,"fuel-system":"mpfi","bore":"3.78","stroke":3.15,"compression-ratio":9.5,"horsepower":114.0,"peak-rpm":5400.0,"city-mpg":19,"highway-mpg":25,"price":"22625"}
{"symboling":1,"normalized-losses":"118","make":"dodge","fuel-type":"gas","aspiration":"std","num-of-doors":"two","body-style":"hatchback","drive-wheels":"fwd","engine-location":"front","wheel-base":93.7,"length":157.3,"width":63.8,"height":50.8,"curb-weight":1876,"engine-type":"ohc","num-of-cylinders":"four","engine-size":90,"fuel-system":"2bbl","bore":"2.97","stroke":3.23,"compression-ratio":9.4,"horsepower":68.0,"peak-rpm":5500.0,"city-mpg":31,"highway-mpg":38,"price":"6377"}
{"symboling":0,"normalized-losses":"188","make":"bmw","fuel-type":"gas","aspiration":"std","num-of-doors":"two","body-style":"sedan","drive-wheels":"rwd","engine-location":"front","wheel-base":101.2,"length":176.8,"width":64.8,"height":54.3,"curb-weight":2710,"engine-type":"ohc","num-of-cylinders":"six","engine-size":164,"fuel-system":"mpfi","bore":"3.31","stroke":3.19,"compression-ratio":9.0,"horsepower":121.0,"peak-rpm":4250.0,"city-mpg":21,"highway-mpg":28,"price":"20970"}
{"symboling":1,"normalized-losses":"148","make":"dodge","fuel-type":"gas","aspiration":"std","num-of-doors":"four","body-style":"sedan","drive-wheels":"fwd","engine-location":"front","wheel-base":93.7,"length":157.3,"width":63.8,"height":50.6,"curb-weight":1989,"engine-type":"ohc","num-of-cylinders":"four","engine-size":90,"fuel-system":"2bbl","bore":"2.97","stroke":3.23,"compression-ratio":9.4,"horsepower":68.0,"peak-rpm":5500.0,"city-mpg":31,"highway-mpg":38,"price":"6692"}
{"symboling":0,"normalized-losses":"161","make":"peugot","fuel-type":"diesel","aspiration":"turbo","num-of-doors":"four","body-style":"wagon","drive-wheels":"rwd","engine-location":"front","wheel-base":114.2,"length":198.9,"width":68.4,"height":58.7,"curb-weight":3430,"engine-type":"l","num-of-cylinders":"four","engine-size":152,"fuel-system":"idi","bore":"3.7","stroke":3.52,"compression-ratio":21.0,"horsepower":95.0,"peak-rpm":4150.0,"city-mpg":25,"highway-mpg":25,"price":"13860"}
{"symboling":1,"normalized-losses":"101","make":"honda","fuel-type":"gas","aspiration":"std","num-of-doors":"two","body-style":"hatchback","drive-wheels":"fwd","engine-location":"front","wheel-base":93.7,"length":150.0,"width":64.0,"height":52.6,"curb-weight":1940,"engine-type":"ohc","num-of-cylinders":"four","engine-size":92,"fuel-system":"1bbl","bore":"2.91","stroke":3.41,"compression-ratio":9.2,"horsepower":76.0,"peak-rpm":6000.0,"city-mpg":30,"highway-mpg":34,"price":"6529"}
{"symboling":-1,"normalized-losses":"137","make":"mitsubishi","fuel-type":"gas","aspiration":"std","num-of-doors":"four","body-style":"sedan","drive-wheels":"fwd","engine-location":"front","wheel-base":96.3,"length":172.4,"width":65.4,"height":51.6,"curb-weight":2403,"engine-type":"ohc","num-of-cylinders":"four","engine-size":110,"fuel-system":"spdi","bore":"3.17","stroke":3.46,"compression-ratio":7.5,"horsepower":116.0,"peak-rpm":5500.0,"city-mpg":23,"highway-mpg":30,"price":"9279"}
{"symboling":-1,"normalized-losses":"90","make":"toyota","fuel-type":"gas","aspiration":"std","num-of-doors":"four","body-style":"sedan","drive-wheels":"rwd","engine-location":"front","wheel-base":104.5,"length":187.8,"width":66.5,"height":54.1,"curb-weight":3131,"engine-type":"dohc","num-of-cylinders":"six","engine-size":171,"fuel-system":"mpfi","bore":"3.27","stroke":3.35,"compression-ratio":9.2,"horsepower":156.0,"peak-rpm":5200.0,"city-mpg":20,"highway-mpg":24,"price":"15690"}
{"symboling":-1,"normalized-losses":"110","make":"dodge","fuel-type":"gas","aspiration":"std","num-of-doors":"four","body-style":"wagon","drive-wheels":"fwd","engine-location":"front","wheel-base":103.3,"length":174.6,"width":64.6,"height":59.8,"curb-weight":2535,"engine-type":"ohc","num-of-cylinders":"four","engine-size":122,"fuel-system":"2bbl","bore":"3.34","stroke":3.46,"compression-ratio":8.5,"horsepower":88.0,"peak-rpm":5000.0,"city-mpg":24,"highway-mpg":30,"price":"8921"}
{"symboling":0,"normalized-losses":"85","make":"subaru","fuel-type":"gas","aspiration":"turbo","num-of-doors":"four","body-style":"wagon","drive-wheels":"4wd","engine-location":"front","wheel-base":96.9,"length":173.6,"width":65.4,"height":54.9,"curb-weight":2650,"engine-type":"ohcf","num-of-cylinders":"four","engine-size":108,"fuel-system":"mpfi","bore":"3.62","stroke":2.64,"compression-ratio":7.7,"horsepower":111.0,"peak-rpm":4800.0,"city-mpg":23,"highway-mpg":23,"price":"11694"}
{"symboling":1,"normalized-losses":"129","make":"mazda","fuel-type":"gas","aspiration":"std","num-of-doors":"two","body-style":"hatchback","drive-wheels":"fwd","engine-location":"front","wheel-base":98.8,"length":177.8,"width":66.5,"height":53.7,"curb-weight":2385,"engine-type":"ohc","num-of-cylinders":"four","engine-size":122,"fuel-system":"2bbl","bore":"3.39","stroke":3.39,"compression-ratio":8.6,"horsepower":84.0,"peak-rpm":4800.0,"city-mpg":26,"highway-mpg":32,"price":"10595"}
{"symboling":0,"normalized-losses":"161","make":"isuzu","fuel-type":"gas","aspiration":"std","num-of-doors":"four","body-style":"sedan","drive-wheels":"rwd","engine-location":"front","wheel-base":94.3,"length":170.7,"width":61.8,"height":53.5,"curb-weight":2337,"engine-type":"ohc","num-of-cylinders":"four","engine-size":111,"fuel-system":"2bbl","bore":"3.31","stroke":3.23,"compression-ratio":8.5,"horsepower":78.0,"peak-rpm":4800.0,"city-mpg":24,"highway-mpg":29,"price":"6785"}
{"symboling":-1,"normalized-losses":"74","make":"volvo","fuel-type":"gas","aspiration":"std","num-of-doors":"four","body-style":"wagon","drive-wheels":"rwd","engine-location":"front","wheel-base":104.3,"length":188.8,"width":67.2,"height":57.5,"curb-weight":3042,"engine-type":"ohc","num-of-cylinders":"four","engine-size":141,"fuel-system":"mpfi","bore":"3.78","stroke":3.15,"compression-ratio":9.5,"horsepower":114.0,"peak-rpm":5400.0,"city-mpg":24,"highway-mpg":28,"price":"16515"}
{"symboling":1,"normalized-losses":"148","make":"dodge","fuel-type":"gas","aspiration":"turbo","num-of-doors":"four","body-style":"sedan","drive-wheels":"fwd","engine-location":"front","wheel-base":93.7,"length":157.3,"width":63.8,"height":50.6,"curb-weight":2191,"engine-type":"ohc","num-of-cylinders":"four","engine-size":98,"fuel-system":"mpfi","bore":"3.03","stroke":3.39,"compression-ratio":7.6,"horsepower":102.0,"peak-rpm":5500.0,"city-mpg":24,"highway-mpg":30,"price":"8558"}
{"symboling":1,"normalized-losses":"161","make":"alfa-romero","fuel-type":"gas","aspiration":"std","num-of-doors":"two","body-style":"hatchback","drive-wheels":"rwd","engine-location":"front","wheel-base":94.5,"length":171.2,"width":65.5,"height":52.4,"curb-weight":2823,"engine-type":"ohcv","num-of-cylinders":"six","engine-size":152,"fuel-system":"mpfi","bore":"2.68","stroke":3.47,"compression-ratio":9.0,"horsepower":154.0,"peak-rpm":5000.0,"city-mpg":19,"highway-mpg":26,"price":"16500"}
{"symboling":1,"normalized-losses":"128","make":"nissan","fuel-type":"gas","aspiration":"std","num-of-doors":"two","body-style":"sedan","drive-wheels":"fwd","engine-location":"front","wheel-base":94.5,"length":165.3,"width":63.8,"height":54.5,"curb-weight":1918,"engine-type":"ohc","num-of-cylinders":"four","engine-size":97,"fuel-system":"2bbl","bore":"3.15","stroke":3.29,"compression-ratio":9.4,"horsepower":69.0,"peak-rpm":5200.0,"city-mpg":31,"highway-mpg":37,"price":"6649"}
{"symboling":0,"normalized-losses":"102","make":"subaru","fuel-type":"gas","aspiration":"std","num-of-doors":"four","body-style":"sedan","drive-wheels":"fwd","engine-location":"front","wheel-base":97.2,"length":172.0,"width":65.4,"height":52.5,"curb-weight":2145,"engine-type":"ohcf","num-of-cylinders":"four","engine-size":108,"fuel-system":"2bbl","bore":"3.62","stroke":2.64,"compression-ratio":9.5,"horsepower":82.0,"peak-rpm":4800.0,"city-mpg":32,"highway-mpg":37,"price":"7126"}
{"symboling":2,"normalized-losses":"134","make":"toyota","fuel-type":"gas","aspiration":"std","num-of-doors":"two","body-style":"convertible","drive-wheels":"rwd","engine-location":"front","wheel-base":98.4,"length":176.2,"width":65.6,"height":53.0,"curb-weight":2975,"engine-type":"ohc","num-of-cylinders":"four","engine-size":146,"fuel-system":"mpfi","bore":"3.62","stroke":3.5,"compression-ratio":9.3,"horsepower":116.0,"peak-rpm":4800.0,"city-mpg":24,"highway-mpg":30,"price":"17669"}
{"symboling":2,"normalized-losses":"94","make":"volkswagen","fuel-type":"gas","aspiration":"std","num-of-doors":"four","body-style":"sedan","drive-wheels":"fwd","engine-location":"front","wheel-base":97.3,"length":171.7,"width":65.5,"height":55.7,"curb-weight":2212,"engine-type":"ohc","num-of-cylinders":"four","engine-size":109,"fuel-system":"mpfi","bore":"3.19","stroke":3.4,"compression-ratio":9.0,"horsepower":85.0,"peak-rpm":5250.0,"city-mpg":27,"highway-mpg":34,"price":"8195"}
{"symboling":0,"normalized-losses":"85","make":"honda","fuel-type":"gas","aspiration":"std","num-of-doors":"four","body-style":"sedan","drive-wheels":"fwd","engine-location":"front","wheel-base":96.5,"length":175.4,"width":62.5,"height":54.1,"curb-weight":2372,"engine-type":"ohc","num-of-cylinders":"four","engine-size":110,"fuel-system":"1bbl","bore":"3.15","stroke":3.58,"compression-ratio":9.0,"horsepower":86.0,"peak-rpm":5800.0,"city-mpg":27,"highway-mpg":33,"price":"10295"}
{"symboling":3,"normalized-losses":"150","make":"saab","fuel-type":"gas","aspiration":"turbo","num-of-doors":"two","body-style":"hatchback","drive-wheels":"fwd","engine-location":"front","wheel-base":99.1,"length":186.6,"width":66.5,"height":56.1,"curb-weight":2808,"engine-type":"dohc","num-of-cylinders":"four","engine-size":121,"fuel-system":"mpfi","bore":"3.54","stroke":3.07,"compression-ratio":9.0,"horsepower":160.0,"peak-rpm":5500.0,"city-mpg":19,"highway-mpg":26,"price":"18150"}
{"symboling":2,"normalized-losses":"161","make":"mitsubishi","fuel-type":"gas","aspiration":"std","num-of-doors":"two","body-style":"hatchback","drive-wheels":"fwd","engine-location":"front","wheel-base":93.7,"length":157.3,"width":64.4,"height":50.8,"curb-weight":2004,"engine-type":"ohc","num-of-cylinders":"four","engine-size":92,"fuel-system":"2bbl","bore":"2.97","stroke":3.23,"compression-ratio":9.4,"horsepower":68.0,"peak-rpm":5500.0,"city-mpg":31,"highway-mpg":38,"price":"6669"}
{"symboling":-1,"normalized-losses":"65","make":"toyota","fuel-type":"gas","aspiration":"std","num-of-doors":"four","body-style":"sedan","drive-wheels":"fwd","engine-location":"front","wheel-base":102.4,"length":175.6,"width":66.5,"height":54.9,"curb-weight":2326,"engine-type":"ohc","num-of-cylinders":"four","engine-size":122,"fuel-system":"mpfi","bore":"3.31","stroke":3.54,"compression-ratio":8.7,"horsepower":92.0,"peak-rpm":4200.0,"city-mpg":29,"highway-mpg":34,"price":"8948"}
{"symboling":1,"normalized-losses":"113","make":"mazda","fuel-type":"gas","aspiration":"std","num-of-doors":"four","body-style":"sedan","drive-wheels":"fwd","engine-location":"front","wheel-base":93.1,"length":166.8,"width":64.2,"height":54.1,"curb-weight":1950,"engine-type":"ohc","num-of-cylinders":"four","engine-size":91,"fuel-system":"2bbl","bore":"3.08","stroke":3.15,"compression-ratio":9.0,"horsepower":68.0,"peak-rpm":5000.0,"city-mpg":31,"highway-mpg":38,"price":"7395"}
{"symboling":0,"normalized-losses":"78","make":"honda","fuel-type":"gas","aspiration":"std","num-of-doors":"four","body-style":"wagon","drive-wheels":"fwd","engine-location":"front","wheel-base":96.5,"length":157.1,"width":63.9,"height":58.3,"curb-weight":2024,"engine-type":"ohc","num-of-cylinders":"four","engine-size":92,"fuel-system":"1bbl","bore":"2.92","stroke":3.41,"compression-ratio":9.2,"horsepower":76.0,"peak-rpm":6000.0,"city-mpg":30,"highway-mpg":34,"price":"7295"}
{"symboling":3,"normalized-losses":"150","make":"mazda","fuel-type":"gas","aspiration":"std","num-of-doors":"two","body-style":"hatchback","drive-wheels":"rwd","engine-location":"front","wheel-base":95.3,"length":169.0,"width":65.7,"height":49.6,"curb-weight":2380,"engine-type":"rotor","num-of-cylinders":"two","engine-size":70,"fuel-system":"4bbl","bore":"2.92","stroke":3.2554228856,"compression-ratio":9.4,"horsepower":101.0,"peak-rpm":6000.0,"city-mpg":17,"highway-mpg":23,"price":"11845"}
{"symboling":-1,"normalized-losses":"65","make":"toyota","fuel-type":"gas","aspiration":"std","num-of-doors":"four","body-style":"hatchback","drive-wheels":"fwd","engine-location":"front","wheel-base":102.4,"length":175.6,"width":66.5,"height":53.9,"curb-weight":2414,"engine-type":"ohc","num-of-cylinders":"four","engine-size":122,"fuel-system":"mpfi","bore":"3.31","stroke":3.54,"compression-ratio":8.7,"horsepower":92.0,"peak-rpm":4200.0,"city-mpg":27,"highway-mpg":32,"price":"9988"}
{"symboling":2,"normalized-losses":"161","make":"renault","fuel-type":"gas","aspiration":"std","num-of-doors":"two","body-style":"hatchback","drive-wheels":"fwd","engine-location":"front","wheel-base":96.1,"length":176.8,"width":66.6,"height":50.5,"curb-weight":2460,"engine-type":"ohc","num-of-cylinders":"four","engine-size":132,"fuel-system":"mpfi","bore":"3.46","stroke":3.9,"compression-ratio":8.7,"horsepower":104.2561576355,"peak-rpm":5125.3694581281,"city-mpg":23,"highway-mpg":31,"price":"9895"}
{"symboling":-1,"normalized-losses":"74","make":"volvo","fuel-type":"gas","aspiration":"turbo","num-of-doors":"four","body-style":"wagon","drive-wheels":"rwd","engine-location":"front","wheel-base":104.3,"length":188.8,"width":67.2,"height":57.5,"curb-weight":3157,"engine-type":"ohc","num-of-cylinders":"four","engine-size":130,"fuel-system":"mpfi","bore":"3.62","stroke":3.15,"compression-ratio":7.5,"horsepower":162.0,"peak-rpm":5100.0,"city-mpg":17,"highway-mpg":22,"price":"18950"}
{"symboling":2,"normalized-losses":"164","make":"audi","fuel-type":"gas","aspiration":"std","num-of-doors":"four","body-style":"sedan","drive-wheels":"4wd","engine-location":"front","wheel-base":99.4,"length":176.6,"width":66.4,"height":54.3,"curb-weight":2824,"engine-type":"ohc","num-of-cylinders":"five","engine-size":136,"fuel-system":"mpfi","bore":"3.19","stroke":3.4,"compression-ratio":8.0,"horsepower":115.0,"peak-rpm":5500.0,"city-mpg":18,"highway-mpg":22,"price":"17450"}
{"symboling":1,"normalized-losses":"168","make":"toyota","fuel-type":"gas","aspiration":"std","num-of-doors":"two","body-style":"sedan","drive-wheels":"rwd","engine-location":"front","wheel-base":94.5,"length":168.7,"width":64.0,"height":52.6,"curb-weight":2169,"engine-type":"ohc","num-of-cylinders":"four","engine-size":98,"fuel-system":"2bbl","bore":"3.19","stroke":3.03,"compression-ratio":9.0,"horsepower":70.0,"peak-rpm":4800.0,"city-mpg":29,"highway-mpg":34,"price":"8058"}
{"symboling":0,"normalized-losses":"93","make":"mercedes-benz","fuel-type":"diesel","aspiration":"turbo","num-of-doors":"two","body-style":"hardtop","drive-wheels":"rwd","engine-location":"front","wheel-base":106.7,"length":187.5,"width":70.3,"height":54.9,"curb-weight":3495,"engine-type":"ohc","num-of-cylinders":"five","engine-size":183,"fuel-system":"idi","bore":"3.58","stroke":3.64,"compression-ratio":21.5,"horsepower":123.0,"peak-rpm":4350.0,"city-mpg":22,"highway-mpg":25,"price":"28176"}
{"symboling":0,"normalized-losses":"118","make":"mazda","fuel-type":"gas","aspiration":"std","num-of-doors":"four","body-style":"sedan","drive-wheels":"rwd","engine-location":"front","wheel-base":104.9,"length":175.0,"width":66.1,"height":54.4,"curb-weight":2670,"engine-type":"ohc","num-of-cylinders":"four","engine-size":140,"fuel-system":"mpfi","bore":"3.76","stroke":3.16,"compression-ratio":8.0,"horsepower":120.0,"peak-rpm":5000.0,"city-mpg":19,"highway-mpg":27,"price":"18280"}
{"symboling":2,"normalized-losses":"83","make":"subaru","fuel-type":"gas","aspiration":"std","num-of-doors":"two","body-style":"hatchback","drive-wheels":"fwd","engine-location":"front","wheel-base":93.7,"length":156.9,"width":63.4,"height":53.7,"curb-weight":2050,"engine-type":"ohcf","num-of-cylinders":"four","engine-size":97,"fuel-system":"2bbl","bore":"3.62","stroke":2.36,"compression-ratio":9.0,"horsepower":69.0,"peak-rpm":4900.0,"city-mpg":31,"highway-mpg":36,"price":"5118"}
{"symboling":2,"normalized-losses":"134","make":"toyota","fuel-type":"gas","aspiration":"std","num-of-doors":"two","body-style":"hatchback","drive-wheels":"rwd","engine-location":"front","wheel-base":98.4,"length":176.2,"width":65.6,"height":52.0,"curb-weight":2551,"engine-type":"ohc","num-of-cylinders":"four","engine-size":146,"fuel-system":"mpfi","bore":"3.62","stroke":3.5,"compression-ratio":9.3,"horsepower":116.0,"peak-rpm":4800.0,"city-mpg":24,"highway-mpg":30,"price":"9989"}
{"symboling":0,"normalized-losses":"161","make":"peugot","fuel-type":"diesel","aspiration":"turbo","num-of-doors":"four","body-style":"sedan","drive-wheels":"rwd","engine-location":"front","wheel-base":107.9,"length":186.7,"width":68.4,"height":56.7,"curb-weight":3197,"engine-type":"l","num-of-cylinders":"four","engine-size":152,"fuel-system":"idi","bore":"3.7","stroke":3.52,"compression-ratio":21.0,"horsepower":95.0,"peak-rpm":4150.0,"city-mpg":28,"highway-mpg":33,"price":"13200"}
{"symboling":3,"normalized-losses":"197","make":"toyota","fuel-type":"gas","aspiration":"std","num-of-doors":"two","body-style":"hatchback","drive-wheels":"rwd","engine-location":"front","wheel-base":102.9,"length":183.5,"width":67.7,"height":52.0,"curb-weight":2976,"engine-type":"dohc","num-of-cylinders":"six","engine-size":171,"fuel-system":"mpfi","bore":"3.27","stroke":3.35,"compression-ratio":9.3,"horsepower":161.0,"peak-rpm":5200.0,"city-mpg":20,"highway-mpg":24,"price":"16558"}
{"symboling":2,"normalized-losses":"161","make":"isuzu","fuel-type":"gas","aspiration":"std","num-of-doors":"two","body-style":"hatchback","drive-wheels":"rwd","engine-location":"front","wheel-base":96.0,"length":172.6,"width":65.2,"height":51.4,"curb-weight":2734,"engine-type":"ohc","num-of-cylinders":"four","engine-size":119,"fuel-system":"spfi","bore":"3.43","stroke":3.23,"compression-ratio":9.2,"horsepower":90.0,"peak-rpm":5000.0,"city-mpg":24,"highway-mpg":29,"price":"11048"}
{"symboling":0,"normalized-losses":"115","make":"mazda","fuel-type":"gas","aspiration":"std","num-of-doors":"four","body-style":"hatchback","drive-wheels":"fwd","engine-location":"front","wheel-base":98.8,"length":177.8,"width":66.5,"height":55.5,"curb-weight":2425,"engine-type":"ohc","num-of-cylinders":"four","engine-size":122,"fuel-system":"2bbl","bore":"3.39","stroke":3.39,"compression-ratio":8.6,"horsepower":84.0,"peak-rpm":4800.0,"city-mpg":26,"highway-mpg":32,"price":"11245"}
{"symboling":0,"normalized-losses":"91","make":"toyota","fuel-type":"gas","aspiration":"std","num-of-doors":"four","body-style":"sedan","drive-wheels":"fwd","engine-location":"front","wheel-base":95.7,"length":166.3,"width":64.4,"height":53.0,"curb-weight":2081,"engine-type":"ohc","num-of-cylinders":"four","engine-size":98,"fuel-system":"2bbl","bore":"3.19","stroke":3.03,"compression-ratio":9.0,"horsepower":70.0,"peak-rpm":4800.0,"city-mpg":30,"highway-mpg":37,"price":"6938"}
{"symboling":3,"normalized-losses":"197","make":"toyota","fuel-type":"gas","aspiration":"std","num-of-doors":"two","body-style":"hatchback","drive-wheels":"rwd","engine-location":"front","wheel-base":102.9,"length":183.5,"width":67.7,"height":52.0,"curb-weight":3016,"engine-type":"dohc","num-of-cylinders":"six","engine-size":171,"fuel-system":"mpfi","bore":"3.27","stroke":3.35,"compression-ratio":9.3,"horsepower":161.0,"peak-rpm":5200.0,"city-mpg":19,"highway-mpg":24,"price":"15998"}
{"symboling":1,"normalized-losses":"168","make":"toyota","fuel-type":"gas","aspiration":"std","num-of-doors":"two","body-style":"sedan","drive-wheels":"rwd","engine-location":"front","wheel-base":94.5,"length":168.7,"width":64.0,"height":52.6,"curb-weight":2265,"engine-type":"dohc","num-of-cylinders":"four","engine-size":98,"fuel-system":"mpfi","bore":"3.24","stroke":3.08,"compression-ratio":9.4,"horsepower":112.0,"peak-rpm":6600.0,"city-mpg":26,"highway-mpg":29,"price":"9298"}
{"symboling":-1,"normalized-losses":"65","make":"toyota","fuel-type":"diesel","aspiration":"turbo","num-of-doors":"four","body-style":"sedan","drive-wheels":"fwd","engine-location":"front","wheel-base":102.4,"length":175.6,"width":66.5,"height":54.9,"curb-weight":2480,"engine-type":"ohc","num-of-cylinders":"four","engine-size":110,"fuel-system":"idi","bore":"3.27","stroke":3.35,"compression-ratio":22.5,"horsepower":73.0,"peak-rpm":4500.0,"city-mpg":30,"highway-mpg":33,"price":"10698"}
{"symboling":2,"normalized-losses":"192","make":"bmw","fuel-type":"gas","aspiration":"std","num-of-doors":"two","body-style":"sedan","drive-wheels":"rwd","engine-location":"front","wheel-base":101.2,"length":176.8,"width":64.8,"height":54.3,"curb-weight":2395,"engine-type":"ohc","num-of-cylinders":"four","engine-size":108,"fuel-system":"mpfi","bore":"3.5","stroke":2.8,"compression-ratio":8.8,"horsepower":101.0,"peak-rpm":5800.0,"city-mpg":23,"highway-mpg":29,"price":"16430"}
{"symboling":2,"normalized-losses":"122","make":"volkswagen","fuel-type":"diesel","aspiration":"std","num-of-doors":"two","body-style":"sedan","drive-wheels":"fwd","engine-location":"front","wheel-base":97.3,"length":171.7,"width":65.5,"height":55.7,"curb-weight":2261,"engine-type":"ohc","num-of-cylinders":"four","engine-size":97,"fuel-system":"idi","bore":"3.01","stroke":3.4,"compression-ratio":23.0,"horsepower":52.0,"peak-rpm":4800.0,"city-mpg":37,"highway-mpg":46,"price":"7775"}
{"symboling":-1,"normalized-losses":"95","make":"volvo","fuel-type":"gas","aspiration":"std","num-of-doors":"four","body-style":"sedan","drive-wheels":"rwd","engine-location":"front","wheel-base":109.1,"length":188.8,"width":68.9,"height":55.5,"curb-weight":2952,"engine-type":"ohc","num-of-cylinders":"four","engine-size":141,"fuel-system":"mpfi","bore":"3.78","stroke":3.15,"compression-ratio":9.5,"horsepower":114.0,"peak-rpm":5400.0,"city-mpg":23,"highway-mpg":28,"price":"16845"}
{"symboling":0,"normalized-losses":"161","make":"jaguar","fuel-type":"gas","aspiration":"std","num-of-doors":"four","body-style":"sedan","drive-wheels":"rwd","engine-location":"front","wheel-base":113.0,"length":199.6,"width":69.6,"height":52.8,"curb-weight":4066,"engine-type":"dohc","num-of-cylinders":"six","engine-size":258,"fuel-system":"mpfi","bore":"3.63","stroke":4.17,"compression-ratio":8.1,"horsepower":176.0,"peak-rpm":4750.0,"city-mpg":15,"highway-mpg":19,"price":"35550"}
{"symboling":0,"normalized-losses":"161","make":"peugot","fuel-type":"gas","aspiration":"std","num-of-doors":"four","body-style":"sedan","drive-wheels":"rwd","engine-location":"front","wheel-base":107.9,"length":186.7,"width":68.4,"height":56.7,"curb-weight":3075,"engine-type":"l","num-of-cylinders":"four","engine-size":120,"fuel-system":"mpfi","bore":"3.46","stroke":2.19,"compression-ratio":8.4,"horsepower":95.0,"peak-rpm":5000.0,"city-mpg":19,"highway-mpg":24,"price":"15580"}
{"symboling":1,"normalized-losses":"122","make":"nissan","fuel-type":"gas","aspiration":"std","num-of-doors":"four","body-style":"sedan","drive-wheels":"fwd","engine-location":"front","wheel-base":94.5,"length":165.3,"width":63.8,"height":54.5,"curb-weight":1938,"engine-type":"ohc","num-of-cylinders":"four","engine-size":97,"fuel-system":"2bbl","bore":"3.15","stroke":3.29,"compression-ratio":9.4,"horsepower":69.0,"peak-rpm":5200.0,"city-mpg":31,"highway-mpg":37,"price":"6849"}
{"symboling":0,"normalized-losses":"161","make":"peugot","fuel-type":"gas","aspiration":"std","num-of-doors":"four","body-style":"wagon","drive-wheels":"rwd","engine-location":"front","wheel-base":114.2,"length":198.9,"width":68.4,"height":58.7,"curb-weight":3230,"engine-type":"l","num-of-cylinders":"four","engine-size":120,"fuel-system":"mpfi","bore":"3.46","stroke":3.19,"compression-ratio":8.4,"horsepower":97.0,"peak-rpm":5000.0,"city-mpg":19,"highway-mpg":24,"price":"12440"}
{"symboling":-1,"normalized-losses":"161","make":"mercedes-benz","fuel-type":"gas","aspiration":"std","num-of-doors":"four","body-style":"sedan","drive-wheels":"rwd","engine-location":"front","wheel-base":115.6,"length":202.6,"width":71.7,"height":56.5,"curb-weight":3740,"engine-type":"ohcv","num-of-cylinders":"eight","engine-size":234,"fuel-system":"mpfi","bore":"3.46","stroke":3.1,"compression-ratio":8.3,"horsepower":155.0,"peak-rpm":4750.0,"city-mpg":16,"highway-mpg":18,"price":"34184"}
{"symboling":0,"normalized-losses":"102","make":"subaru","fuel-type":"gas","aspiration":"std","num-of-doors":"four","body-style":"sedan","drive-wheels":"fwd","engine-location":"front","wheel-base":97.2,"length":172.0,"width":65.4,"height":52.5,"curb-weight":2190,"engine-type":"ohcf","num-of-cylinders":"four","engine-size":108,"fuel-system":"2bbl","bore":"3.62","stroke":2.64,"compression-ratio":9.5,"horsepower":82.0,"peak-rpm":4400.0,"city-mpg":28,"highway-mpg":33,"price":"7775"}
{"symboling":3,"normalized-losses":"161","make":"porsche","fuel-type":"gas","aspiration":"std","num-of-doors":"two","body-style":"hardtop","drive-wheels":"rwd","engine-location":"rear","wheel-base":89.5,"length":168.9,"width":65.0,"height":51.6,"curb-weight":2756,"engine-type":"ohcf","num-of-cylinders":"six","engine-size":194,"fuel-system":"mpfi","bore":"3.74","stroke":2.9,"compression-ratio":9.5,"horsepower":207.0,"peak-rpm":5900.0,"city-mpg":17,"highway-mpg":25,"price":"34028"}
{"symboling":-1,"normalized-losses":"95","make":"volvo","fuel-type":"gas","aspiration":"std","num-of-doors":"four","body-style":"sedan","drive-wheels":"rwd","engine-location":"front","wheel-base":109.1,"length":188.8,"width":68.9,"height":55.5,"curb-weight":3012,"engine-type":"ohcv","num-of-cylinders":"six","engine-size":173,"fuel-system":"mpfi","bore":"3.58","stroke":2.87,"compression-ratio":8.8,"horsepower":134.0,"peak-rpm":5500.0,"city-mpg":18,"highway-mpg":23,"price":"21485"}
{"symboling":0,"normalized-losses":"108","make":"nissan","fuel-type":"gas","aspiration":"std","num-of-doors":"four","body-style":"wagon","drive-wheels":"fwd","engine-location":"front","wheel-base":100.4,"length":184.6,"width":66.5,"height":56.1,"curb-weight":3296,"engine-type":"ohcv","num-of-cylinders":"six","engine-size":181,"fuel-system":"mpfi","bore":"3.43","stroke":3.27,"compression-ratio":9.0,"horsepower":152.0,"peak-rpm":5200.0,"city-mpg":17,"highway-mpg":22,"price":"14399"}
{"symboling":3,"normalized-losses":"194","make":"nissan","fuel-type":"gas","aspiration":"turbo","num-of-doors":"two","body-style":"hatchback","drive-wheels":"rwd","engine-location":"front","wheel-base":91.3,"length":170.7,"width":67.9,"height":49.7,"curb-weight":3139,"engine-type":"ohcv","num-of-cylinders":"six","engine-size":181,"fuel-system":"mpfi","bore":"3.43","stroke":3.27,"compression-ratio":7.8,"horsepower":200.0,"peak-rpm":5200.0,"city-mpg":17,"highway-mpg":23,"price":"19699"}
{"symboling":0,"normalized-losses":"161","make":"peugot","fuel-type":"diesel","aspiration":"turbo","num-of-doors":"four","body-style":"sedan","drive-wheels":"rwd","engine-location":"front","wheel-base":107.9,"length":186.7,"width":68.4,"height":56.7,"curb-weight":3252,"engine-type":"l","num-of-cylinders":"four","engine-size":152,"fuel-system":"idi","bore":"3.7","stroke":3.52,"compression-ratio":21.0,"horsepower":95.0,"peak-rpm":4150.0,"city-mpg":28,"highway-mpg":33,"price":"16900"}
{"symboling":0,"normalized-losses":"91","make":"toyota","fuel-type":"gas","aspiration":"std","num-of-doors":"four","body-style":"sedan","drive-wheels":"fwd","engine-location":"front","wheel-base":95.7,"length":166.3,"width":64.4,"height":53.0,"curb-weight":2094,"engine-type":"ohc","num-of-cylinders":"four","engine-size":98,"fuel-system":"2bbl","bore":"3.19","stroke":3.03,"compression-ratio":9.0,"horsepower":70.0,"peak-rpm":4800.0,"city-mpg":38,"highway-mpg":47,"price":"7738"}
{"symboling":1,"normalized-losses":"87","make":"toyota","fuel-type":"gas","aspiration":"std","num-of-doors":"two","body-style":"hatchback","drive-wheels":"fwd","engine-location":"front","wheel-base":95.7,"length":158.7,"width":63.6,"height":54.5,"curb-weight":2040,"engine-type":"ohc","num-of-cylinders":"four","engine-size":92,"fuel-system":"2bbl","bore":"3.05","stroke":3.03,"compression-ratio":9.0,"horsepower":62.0,"peak-rpm":4800.0,"city-mpg":31,"highway-mpg":38,"price":"6338"}
{"symboling":1,"normalized-losses":"158","make":"audi","fuel-type":"gas","aspiration":"std","num-of-doors":"four","body-style":"sedan","drive-wheels":"fwd","engine-location":"front","wheel-base":105.8,"length":192.7,"width":71.4,"height":55.7,"curb-weight":2844,"engine-type":"ohc","num-of-cylinders":"five","engine-size":136,"fuel-system":"mpfi","bore":"3.19","stroke":3.4,"compression-ratio":8.5,"horsepower":110.0,"peak-rpm":5500.0,"city-mpg":19,"highway-mpg":25,"price":"17710"}
{"symboling":-1,"normalized-losses":"93","make":"mercedes-benz","fuel-type":"diesel","aspiration":"turbo","num-of-doors":"four","body-style":"wagon","drive-wheels":"rwd","engine-location":"front","wheel-base":110.0,"length":190.9,"width":70.3,"height":58.7,"curb-weight":3750,"engine-type":"ohc","num-of-cylinders":"five","engine-size":183,"fuel-system":"idi","bore":"3.58","stroke":3.64,"compression-ratio":21.5,"horsepower":123.0,"peak-rpm":4350.0,"city-mpg":22,"highway-mpg":25,"price":"28248"}
{"symboling":0,"normalized-losses":"108","make":"nissan","fuel-type":"gas","aspiration":"std","num-of-doors":"four","body-style":"sedan","drive-wheels":"fwd","engine-location":"front","wheel-base":100.4,"length":184.6,"width":66.5,"height":55.1,"curb-weight":3060,"engine-type":"ohcv","num-of-cylinders":"six","engine-size":181,"fuel-system":"mpfi","bore":"3.43","stroke":3.27,"compression-ratio":9.0,"horsepower":152.0,"peak-rpm":5200.0,"city-mpg":19,"highway-mpg":25,"price":"13499"}
{"symboling":2,"normalized-losses":"134","make":"toyota","fuel-type":"gas","aspiration":"std","num-of-doors":"two","body-style":"hardtop","drive-wheels":"rwd","engine-location":"front","wheel-base":98.4,"length":176.2,"width":65.6,"height":52.0,"curb-weight":2679,"engine-type":"ohc","num-of-cylinders":"four","engine-size":146,"fuel-system":"mpfi","bore":"3.62","stroke":3.5,"compression-ratio":9.3,"horsepower":116.0,"peak-rpm":4800.0,"city-mpg":24,"highway-mpg":30,"price":"11199"}
{"symboling":0,"normalized-losses":"102","make":"subaru","fuel-type":"gas","aspiration":"std","num-of-doors":"four","body-style":"sedan","drive-wheels":"4wd","engine-location":"front","wheel-base":97.0,"length":172.0,"width":65.4,"height":54.3,"curb-weight":2385,"engine-type":"ohcf","num-of-cylinders":"four","engine-size":108,"fuel-system":"2bbl","bore":"3.62","stroke":2.64,"compression-ratio":9.0,"horsepower":82.0,"peak-rpm":4800.0,"city-mpg":24,"highway-mpg":25,"price":"9233"}
{"symboling":1,"normalized-losses":"98","make":"chevrolet","fuel-type":"gas","aspiration":"std","num-of-doors":"two","body-style":"hatchback","drive-wheels":"fwd","engine-location":"front","wheel-base":94.5,"length":155.9,"width":63.6,"height":52.0,"curb-weight":1874,"engine-type":"ohc","num-of-cylinders":"four","engine-size":90,"fuel-system":"2bbl","bore":"3.03","stroke":3.11,"compression-ratio":9.6,"horsepower":70.0,"peak-rpm":5400.0,"city-mpg":38,"highway-mpg":43,"price":"6295"}
{"symboling":1,"normalized-losses":"103","make":"nissan","fuel-type":"gas","aspiration":"std","num-of-doors":"four","body-style":"wagon","drive-wheels":"fwd","engine-location":"front","wheel-base":94.5,"length":170.2,"width":63.8,"height":53.5,"curb-weight":2024,"engine-type":"ohc","num-of-cylinders":"four","engine-size":97,"fuel-system":"2bbl","bore":"3.15","stroke":3.29,"compression-ratio":9.4,"horsepower":69.0,"peak-rpm":5200.0,"city-mpg":31,"highway-mpg":37,"price":"7349"}
{"symboling":0,"normalized-losses":"128","make":"nissan","fuel-type":"gas","aspiration":"std","num-of-doors":"four","body-style":"sedan","drive-wheels":"fwd","engine-location":"front","wheel-base":100.4,"length":181.7,"width":66.5,"height":55.1,"curb-weight":3095,"engine-type":"ohcv","num-of-cylinders":"six","engine-size":181,"fuel-system":"mpfi","bore":"3.43","stroke":3.27,"compression-ratio":9.0,"horsepower":152.0,"peak-rpm":5200.0,"city-mpg":17,"highway-mpg":22,"price":"13499"}
{"symboling":1,"normalized-losses":"119","make":"plymouth","fuel-type":"gas","aspiration":"std","num-of-doors":"two","body-style":"hatchback","drive-wheels":"fwd","engine-location":"front","wheel-base":93.7,"length":157.3,"width":63.8,"height":50.8,"curb-weight":1918,"engine-type":"ohc","num-of-cylinders":"four","engine-size":90,"fuel-system":"2bbl","bore":"2.97","stroke":3.23,"compression-ratio":9.4,"horsepower":68.0,"peak-rpm":5500.0,"city-mpg":37,"highway-mpg":41,"price":"5572"}
{"symboling":1,"normalized-losses":"74","make":"toyota","fuel-type":"gas","aspiration":"std","num-of-doors":"four","body-style":"hatchback","drive-wheels":"fwd","engine-location":"front","wheel-base":95.7,"length":158.7,"width":63.6,"height":54.5,"curb-weight":2015,"engine-type":"ohc","num-of-cylinders":"four","engine-size":92,"fuel-system":"2bbl","bore":"3.05","stroke":3.03,"compression-ratio":9.0,"horsepower":62.0,"peak-rpm":4800.0,"city-mpg":31,"highway-mpg":38,"price":"6488"}
{"symboling":3,"normalized-losses":"Not","make":"volkswagen","fuel-type":"gas","aspiration":"std","num-of-doors":"two","body-style":"convertible","drive-wheels":"fwd","engine-location":"front","wheel-base":94.5,"length":159.3,"width":64.2,"height":55.6,"curb-weight":2254,"engine-type":"ohc","num-of-cylinders":"four","engine-size":109,"fuel-system":"mpfi","bore":"3.19","stroke":3.4,"compression-ratio":8.5,"horsepower":90.0,"peak-rpm":5500.0,"city-mpg":24,"highway-mpg":29,"price":"11595"}
{"symboling":-2,"normalized-losses":"103","make":"volvo","fuel-type":"gas","aspiration":"turbo","num-of-doors":"four","body-style":"sedan","drive-wheels":"rwd","engine-location":"front","wheel-base":104.3,"length":188.8,"width":67.2,"height":56.2,"curb-weight":3045,"engine-type":"ohc","num-of-cylinders":"four","engine-size":130,"fuel-system":"mpfi","bore":"3.62","stroke":3.15,"compression-ratio":7.5,"horsepower":162.0,"peak-rpm":5100.0,"city-mpg":17,"highway-mpg":22,"price":"18420"}
{"symboling":3,"normalized-losses":"153","make":"mitsubishi","fuel-type":"gas","aspiration":"std","num-of-doors":"two","body-style":"hatchback","drive-wheels":"fwd","engine-location":"front","wheel-base":96.3,"length":173.0,"width":65.4,"height":49.4,"curb-weight":2328,"engine-type":"ohc","num-of-cylinders":"four","engine-size":122,"fuel-system":"2bbl","bore":"3.35","stroke":3.46,"compression-ratio":8.5,"horsepower":88.0,"peak-rpm":5000.0,"city-mpg":25,"highway-mpg":32,"price":"8499"}
{"symboling":1,"normalized-losses":"128","make":"nissan","fuel-type":"gas","aspiration":"std","num-of-doors":"two","body-style":"sedan","drive-wheels":"fwd","engine-location":"front","wheel-base":94.5,"length":165.3,"width":63.8,"height":54.5,"curb-weight":1951,"engine-type":"ohc","num-of-cylinders":"four","engine-size":97,"fuel-system":"2bbl","bore":"3.15","stroke":3.29,"compression-ratio":9.4,"horsepower":69.0,"peak-rpm":5200.0,"city-mpg":31,"highway-mpg":37,"price":"7299"}
{"symboling":1,"normalized-losses":"125","make":"mitsubishi","fuel-type":"gas","aspiration":"turbo","num-of-doors":"four","body-style":"sedan","drive-wheels":"fwd","engine-location":"front","wheel-base":96.3,"length":172.4,"width":65.4,"height":51.6,"curb-weight":2403,"engine-type":"ohc","num-of-cylinders":"four","engine-size":110,"fuel-system":"spdi","bore":"3.17","stroke":3.46,"compression-ratio":7.5,"horsepower":116.0,"peak-rpm":5500.0,"city-mpg":23,"highway-mpg":30,"price":"9279"}
{"symboling":2,"normalized-losses":"168","make":"nissan","fuel-type":"gas","aspiration":"std","num-of-doors":"two","body-style":"hardtop","drive-wheels":"fwd","engine-location":"front","wheel-base":95.1,"length":162.4,"width":63.8,"height":53.3,"curb-weight":2008,"engine-type":"ohc","num-of-cylinders":"four","engine-size":97,"fuel-system":"2bbl","bore":"3.15","stroke":3.29,"compression-ratio":9.4,"horsepower":69.0,"peak-rpm":5200.0,"city-mpg":31,"highway-mpg":37,"price":"8249"}
{"symboling":3,"normalized-losses":"150","make":"saab","fuel-type":"gas","aspiration":"std","num-of-doors":"two","body-style":"hatchback","drive-wheels":"fwd","engine-location":"front","wheel-base":99.1,"length":186.6,"width":66.5,"height":56.1,"curb-weight":2707,"engine-type":"ohc","num-of-cylinders":"four","engine-size":121,"fuel-system":"mpfi","bore":"2.54","stroke":2.07,"compression-ratio":9.3,"horsepower":110.0,"peak-rpm":5250.0,"city-mpg":21,"highway-mpg":28,"price":"15040"}
