{"symboling":0,"normalized-losses":null,"make":"bmw","fuel-type":"gas","aspiration":"std","num-of-doors":"four","body-style":"sedan","drive-wheels":"rwd","engine-location":"front","wheel-base":103.5,"length":189.0,"width":66.9,"height":55.7,"curb-weight":3230,"engine-type":"ohc","num-of-cylinders":"six","engine-size":209,"fuel-system":"mpfi","bore":"3.62","stroke":"3.39","compression-ratio":8.0,"horsepower":"182","peak-rpm":"5400","city-mpg":16,"highway-mpg":22,"price":"30760"}
{"symboling":1,"normalized-losses":null,"make":"mercedes-benz","fuel-type":"gas","aspiration":"std","num-of-doors":"two","body-style":"hardtop","drive-wheels":"rwd","engine-location":"front","wheel-base":112.0,"length":199.2,"width":72.0,"height":55.4,"curb-weight":3715,"engine-type":"ohcv","num-of-cylinders":"eight","engine-size":304,"fuel-system":"mpfi","bore":"3.8","stroke":"3.35","compression-ratio":8.0,"horsepower":"184","peak-rpm":"4500","city-mpg":14,"highway-mpg":16,"price":"45400"}
{"symboling":3,"normalized-losses":null,"make":"porsche","fuel-type":"gas","aspiration":"std","num-of-doors":"two","body-style":"convertible","drive-wheels":"rwd","engine-location":"rear","wheel-base":89.5,"length":168.9,"width":65.0,"height":51.6,"curb-weight":2800,"engine-type":"ohcf","num-of-cylinders":"six","engine-size":194,"fuel-system":"mpfi","bore":"3.74","stroke":"2.9","compression-ratio":9.5,"horsepower":"207","peak-rpm":"5900","city-mpg":17,"highway-mpg":25,"price":"37028"}
{"symboling":0,"normalized-losses":null,"make":"mazda","fuel-type":"diesel","aspiration":"std","num-of-doors":"four","body-style":"sedan","drive-wheels":"rwd","engine-location":"front","wheel-base":104.9,"length":175.0,"width":66.1,"height":54.4,"curb-weight":2700,"engine-type":"ohc","num-of-cylinders":"four","engine-size":134,"fuel-system":"idi","bore":"3.43","stroke":"3.64","compression-ratio":22.0,"horsepower":"72","peak-rpm":"4200","city-mpg":31,"highway-mpg":39,"price":"18344"}
{"symboling":0,"normalized-losses":null,"make":"mercedes-benz","fuel-type":"gas","aspiration":"std","num-of-doors":"four","body-style":"sedan","drive-wheels":"rwd","engine-location":"front","wheel-base":120.9,"length":208.1,"width":71.7,"height":56.7,"curb-weight":3900,"engine-type":"ohcv","num-of-cylinders":"eight","engine-size":308,"fuel-system":"mpfi","bore":"3.8","stroke":"3.35","compression-ratio":8.0,"horsepower":"184","peak-rpm":"4500","city-mpg":14,"highway-mpg":16,"price":"40960"}
{"symboling":3,"normalized-losses":"150","make":"mazda","fuel-type":"gas","aspiration":"std","num-of-doors":"two","body-style":"hatchback","drive-wheels":"rwd","engine-location":"front","wheel-base":95.3,"length":169.0,"width":65.7,"height":49.6,"curb-weight":2380,"engine-type":"rotor","num-of-cylinders":"two","engine-size":70,"fuel-system":"4bbl","bore":null,"stroke":null,"compression-ratio":9.4,"horsepower":"101","peak-rpm":"6000","city-mpg":17,"highway-mpg":23,"price":"10945"}
{"symboling":0,"normalized-losses":null,"make":"jaguar","fuel-type":"gas","aspiration":"std","num-of-doors":"two","body-style":"sedan","drive-wheels":"rwd","engine-location":"front","wheel-base":102.0,"length":191.7,"width":70.6,"height":47.8,"curb-weight":3950,"engine-type":"ohcv","num-of-cylinders":"twelve","engine-size":326,"fuel-system":"mpfi","bore":"3.54","stroke":"2.76","compression-ratio":11.5,"horsepower":"262","peak-rpm":"5000","city-mpg":13,"highway-mpg":17,"price":"36000"}
{"symboling":1,"normalized-losses":null,"make":"audi","fuel-type":"gas","aspiration":"std","num-of-doors":"four","body-style":"wagon","drive-wheels":"fwd","engine-location":"front","wheel-base":105.8,"length":192.7,"width":71.4,"height":55.7,"curb-weight":2954,"engine-type":"ohc","num-of-cylinders":"five","engine-size":136,"fuel-system":"mpfi","bore":"3.19","stroke":"3.4","compression-ratio":8.5,"horsepower":"110","peak-rpm":"5500","city-mpg":19,"highway-mpg":25,"price":"18920"}
{"symboling":0,"normalized-losses":null,"make":"mazda","fuel-type":"diesel","aspiration":"std","num-of-doors":null,"body-style":"sedan","drive-wheels":"fwd","engine-location":"front","wheel-base":98.8,"length":177.8,"width":66.5,"height":55.5,"curb-weight":2443,"engine-type":"ohc","num-of-cylinders":"four","engine-size":122,"fuel-system":"idi","bore":"3.39","stroke":"3.39","compression-ratio":22.7,"horsepower":"64","peak-rpm":"4650","city-mpg":36,"highway-mpg":42,"price":"10795"}
{"symboling":2,"normalized-losses":null,"make":"audi","fuel-type":"gas","aspiration":"std","num-of-doors":"two","body-style":"sedan","drive-wheels":"fwd","engine-location":"front","wheel-base":99.8,"length":177.3,"width":66.3,"height":53.1,"curb-weight":2507,"engine-type":"ohc","num-of-cylinders":"five","engine-size":136,"fuel-system":"mpfi","bore":"3.19","stroke":"3.4","compression-ratio":8.5,"horsepower":"110","peak-rpm":"5500","city-mpg":19,"highway-mpg":25,"price":"15250"}
{"symboling":0,"normalized-losses":null,"make":"renault","fuel-type":"gas","aspiration":"std","num-of-doors":"four","body-style":"wagon","drive-wheels":"fwd","engine-location":"front","wheel-base":96.1,"length":181.5,"width":66.5,"height":55.2,"curb-weight":2579,"engine-type":"ohc","num-of-cylinders":"four","engine-size":132,"fuel-system":"mpfi","bore":"3.46","stroke":"3.9","compression-ratio":8.7,"horsepower":null,"peak-rpm":null,"city-mpg":23,"highway-mpg":31,"price":"9295"}
{"symboling":0,"normalized-losses":null,"make":"volkswagen","fuel-type":"gas","aspiration":"std","num-of-doors":"four","body-style":"wagon","drive-wheels":"fwd","engine-location":"front","wheel-base":100.4,"length":183.1,"width":66.9,"height":55.1,"curb-weight":2563,"engine-type":"ohc","num-of-cylinders":"four","engine-size":109,"fuel-system":"mpfi","bore":"3.19","stroke":"3.4","compression-ratio":9.0,"horsepower":"88","peak-rpm":"5500","city-mpg":25,"highway-mpg":31,"price":"12290"}
{"symboling":0,"normalized-losses":null,"make":"bmw","fuel-type":"gas","aspiration":"std","num-of-doors":"two","body-style":"sedan","drive-wheels":"rwd","engine-location":"front","wheel-base":103.5,"length":193.8,"width":67.9,"height":53.7,"curb-weight":3380,"engine-type":"ohc","num-of-cylinders":"six","engine-size":209,"fuel-system":"mpfi","bore":"3.62","stroke":"3.39","compression-ratio":8.0,"horsepower":"182","peak-rpm":"5400","city-mpg":16,"highway-mpg":22,"price":"41315"}
{"symboling":3,"normalized-losses":null,"make":"plymouth","fuel-type":"gas","aspiration":"turbo","num-of-doors":"two","body-style":"hatchback","drive-wheels":"rwd","engine-location":"front","wheel-base":95.9,"length":173.2,"width":66.3,"height":50.2,"curb-weight":2818,"engine-type":"ohc","num-of-cylinders":"four","engine-size":156,"fuel-system":"spdi","bore":"3.59","stroke":"3.86","compression-ratio":7.0,"horsepower":"145","peak-rpm":"5000","city-mpg":19,"highway-mpg":24,"price":"12764"}
{"symboling":0,"normalized-losses":null,"make":"bmw","fuel-type":"gas","aspiration":"std","num-of-doors":"four","body-style":"sedan","drive-wheels":"rwd","engine-location":"front","wheel-base":110.0,"length":197.0,"width":70.9,"height":56.3,"curb-weight":3505,"engine-type":"ohc","num-of-cylinders":"six","engine-size":209,"fuel-system":"mpfi","bore":"3.62","stroke":"3.39","compression-ratio":8.0,"horsepower":"182","peak-rpm":"5400","city-mpg":15,"highway-mpg":20,"price":"36880"}
{"symboling":-1,"normalized-losses":null,"make":"toyota","fuel-type":"gas","aspiration":"std","num-of-doors":"four","body-style":"wagon","drive-wheels":"rwd","engine-location":"front","wheel-base":104.5,"length":187.8,"width":66.5,"height":54.1,"curb-weight":3151,"engine-type":"dohc","num-of-cylinders":"six","engine-size":161,"fuel-system":"mpfi","bore":"3.27","stroke":"3.35","compression-ratio":9.2,"horsepower":"156","peak-rpm":"5200","city-mpg":19,"highway-mpg":24,"price":"15750"}
{"symboling":3,"normalized-losses":"150","make":"mazda","fuel-type":"gas","aspiration":"std","num-of-doors":"two","body-style":"hatchback","drive-wheels":"rwd","engine-location":"front","wheel-base":95.3,"length":169.0,"width":65.7,"height":49.6,"curb-weight":2385,"engine-type":"rotor","num-of-cylinders":"two","engine-size":70,"fuel-system":"4bbl","bore":null,"stroke":null,"compression-ratio":9.4,"horsepower":"101","peak-rpm":"6000","city-mpg":17,"highway-mpg":23,"price":"13645"}
{"symboling":3,"normalized-losses":null,"make":"mitsubishi","fuel-type":"gas","aspiration":"turbo","num-of-doors":"two","body-style":"hatchback","drive-wheels":"fwd","engine-location":"front","wheel-base":95.9,"length":173.2,"width":66.3,"height":50.2,"curb-weight":2926,"engine-type":"ohc","num-of-cylinders":"four","engine-size":156,"fuel-system":"spdi","bore":"3.59","stroke":"3.86","compression-ratio":7.0,"horsepower":"145","peak-rpm":"5000","city-mpg":19,"highway-mpg":24,"price":"14489"}
{"symboling":0,"normalized-losses":null,"make":"audi","fuel-type":"gas","aspiration":"turbo","num-of-doors":"two","body-style":"hatchback","drive-wheels":"4wd","engine-location":"front","wheel-base":99.5,"length":178.2,"width":67.9,"height":52.0,"curb-weight":3053,"engine-type":"ohc","num-of-cylinders":"five","engine-size":131,"fuel-system":"mpfi","bore":"3.13","stroke":"3.4","compression-ratio":7.0,"horsepower":"160","peak-rpm":"5500","city-mpg":16,"highway-mpg":22,"price":null}
{"symboling":1,"normalized-losses":null,"make":"bmw","fuel-type":"gas","aspiration":"std","num-of-doors":"four","body-style":"sedan","drive-wheels":"rwd","engine-location":"front","wheel-base":103.5,"length":189.0,"width":66.9,"height":55.7,"curb-weight":3055,"engine-type":"ohc","num-of-cylinders":"six","engine-size":164,"fuel-system":"mpfi","bore":"3.31","stroke":"3.19","compression-ratio":9.0,"horsepower":"121","peak-rpm":"4250","city-mpg":20,"highway-mpg":25,"price":"24565"}
{"symboling":0,"normalized-losses":null,"make":"isuzu","fuel-type":"gas","aspiration":"std","num-of-doors":"four","body-style":"sedan","drive-wheels":"fwd","engine-location":"front","wheel-base":94.5,"length":155.9,"width":63.6,"height":52.0,"curb-weight":1909,"engine-type":"ohc","num-of-cylinders":"four","engine-size":90,"fuel-system":"2bbl","bore":"3.03","stroke":"3.11","compression-ratio":9.6,"horsepower":"70","peak-rpm":"5400","city-mpg":38,"highway-mpg":43,"price":null}
{"symboling":1,"normalized-losses":null,"make":"mercury","fuel-type":"gas","aspiration":"turbo","num-of-doors":"two","body-style":"hatchback","drive-wheels":"rwd","engine-location":"front","wheel-base":102.7,"length":178.4,"width":68.0,"height":54.8,"curb-weight":2910,"engine-type":"ohc","num-of-cylinders":"four","engine-size":140,"fuel-system":"mpfi","bore":"3.78","stroke":"3.12","compression-ratio":8.0,"horsepower":"175","peak-rpm":"5000","city-mpg":19,"highway-mpg":24,"price":"16503"}
{"symboling":3,"normalized-losses":"150","make":"mazda","fuel-type":"gas","aspiration":"std","num-of-doors":"two","body-style":"hatchback","drive-wheels":"rwd","engine-location":"front","wheel-base":95.3,"length":169.0,"width":65.7,"height":49.6,"curb-weight":2500,"engine-type":"rotor","num-of-cylinders":"two","engine-size":80,"fuel-system":"mpfi","bore":null,"stroke":null,"compression-ratio":9.4,"horsepower":"135","peak-rpm":"6000","city-mpg":16,"highway-mpg":23,"price":"15645"}
{"symboling":1,"normalized-losses":null,"make":"isuzu","fuel-type":"gas","aspiration":"std","num-of-doors":"two","body-style":"sedan","drive-wheels":"fwd","engine-location":"front","wheel-base":94.5,"length":155.9,"width":63.6,"height":52.0,"curb-weight":1874,"engine-type":"ohc","num-of-cylinders":"four","engine-size":90,"fuel-system":"2bbl","bore":"3.03","stroke":"3.11","compression-ratio":9.6,"horsepower":"70","peak-rpm":"5400","city-mpg":38,"highway-mpg":43,"price":null}
{"symboling":3,"normalized-losses":null,"make":"porsche","fuel-type":"gas","aspiration":"std","num-of-doors":"two","body-style":"hardtop","drive-wheels":"rwd","engine-location":"rear","wheel-base":89.5,"length":168.9,"width":65.0,"height":51.6,"curb-weight":2756,"engine-type":"ohcf","num-of-cylinders":"six","engine-size":194,"fuel-system":"mpfi","bore":"3.74","stroke":"2.9","compression-ratio":9.5,"horsepower":"207","peak-rpm":"5900","city-mpg":17,"highway-mpg":25,"price":"32528"}
{"symboling":3,"normalized-losses":null,"make":"alfa-romero","fuel-type":"gas","aspiration":"std","num-of-doors":"two","body-style":"convertible","drive-wheels":"rwd","engine-location":"front","wheel-base":88.6,"length":168.8,"width":64.1,"height":48.8,"curb-weight":2548,"engine-type":"dohc","num-of-cylinders":"four","engine-size":130,"fuel-system":"mpfi","bore":"3.47","stroke":"2.68","compression-ratio":9.0,"horsepower":"111","peak-rpm":"5000","city-mpg":21,"highway-mpg":27,"price":"13495"}
{"symboling":1,"normalized-losses":null,"make":"porsche","fuel-type":"gas","aspiration":"std","num-of-doors":"two","body-style":"hatchback","drive-wheels":"rwd","engine-location":"front","wheel-base":98.4,"length":175.7,"width":72.3,"height":50.5,"curb-weight":3366,"engine-type":"dohcv","num-of-cylinders":"eight","engine-size":203,"fuel-system":"mpfi","bore":"3.94","stroke":"3.11","compression-ratio":10.0,"horsepower":"288","peak-rpm":"5750","city-mpg":17,"highway-mpg":28,"price":"Not"}
{"symboling":0,"normalized-losses":null,"make":"peugot","fuel-type":"gas","aspiration":"std","num-of-doors":"four","body-style":"wagon","drive-wheels":"rwd","engine-location":"front","wheel-base":114.2,"length":198.9,"width":68.4,"height":56.7,"curb-weight":3285,"engine-type":"l","num-of-cylinders":"four","engine-size":120,"fuel-system":"mpfi","bore":"3.46","stroke":"2.19","compression-ratio":8.4,"horsepower":"95","peak-rpm":"5000","city-mpg":19,"highway-mpg":24,"price":"16695"}
{"symboling":3,"normalized-losses":null,"make":"mitsubishi","fuel-type":"gas","aspiration":"turbo","num-of-doors":"two","body-style":"hatchback","drive-wheels":"fwd","engine-location":"front","wheel-base":95.9,"length":173.2,"width":66.3,"height":50.2,"curb-weight":2921,"engine-type":"ohc","num-of-cylinders":"four","engine-size":156,"fuel-system":"spdi","bore":"3.59","stroke":"3.86","compression-ratio":7.0,"horsepower":"145","peak-rpm":"5000","city-mpg":19,"highway-mpg":24,"price":"14869"}
{"symboling":0,"normalized-losses":null,"make":"volkswagen","fuel-type":"diesel","aspiration":"turbo","num-of-doors":"four","body-style":"sedan","drive-wheels":"fwd","engine-location":"front","wheel-base":100.4,"length":180.2,"width":66.9,"height":55.1,"curb-weight":2579,"engine-type":"ohc","num-of-cylinders":"four","engine-size":97,"fuel-system":"idi","bore":"3.01","stroke":"3.4","compression-ratio":23.0,"horsepower":"68","peak-rpm":"4500","city-mpg":33,"highway-mpg":38,"price":"13845"}
{"symboling":0,"normalized-losses":null,"make":"volkswagen","fuel-type":"gas","aspiration":"std","num-of-doors":"four","body-style":"sedan","drive-wheels":"fwd","engine-location":"front","wheel-base":100.4,"length":180.2,"width":66.9,"height":55.1,"curb-weight":2661,"engine-type":"ohc","num-of-cylinders":"five","engine-size":136,"fuel-system":"mpfi","bore":"3.19","stroke":"3.4","compression-ratio":8.5,"horsepower":"110","peak-rpm":"5500","city-mpg":19,"highway-mpg":24,"price":"13295"}
{"symboling":3,"normalized-losses":null,"make":"mitsubishi","fuel-type":"gas","aspiration":"turbo","num-of-doors":"two","body-style":"hatchback","drive-wheels":"fwd","engine-location":"front","wheel-base":95.9,"length":173.2,"width":66.3,"height":50.2,"curb-weight":2833,"engine-type":"ohc","num-of-cylinders":"four","engine-size":156,"fuel-system":"spdi","bore":"3.58","stroke":"3.86","compression-ratio":7.0,"horsepower":"145","peak-rpm":"5000","city-mpg":19,"highway-mpg":24,"price":"12629"}
{"symboling":3,"normalized-losses":null,"make":"alfa-romero","fuel-type":"gas","aspiration":"std","num-of-doors":"two","body-style":"convertible","drive-wheels":"rwd","engine-location":"front","wheel-base":88.6,"length":168.8,"width":64.1,"height":48.8,"curb-weight":2548,"engine-type":"dohc","num-of-cylinders":"four","engine-size":130,"fuel-system":"mpfi","bore":"3.47","stroke":"2.68","compression-ratio":9.0,"horsepower":"111","peak-rpm":"5000","city-mpg":21,"highway-mpg":27,"price":"16500"}
{"symboling":0,"normalized-losses":null,"make":"peugot","fuel-type":"diesel","aspiration":"turbo","num-of-doors":"four","body-style":"wagon","drive-wheels":"rwd","engine-location":"front","wheel-base":114.2,"length":198.9,"width":68.4,"height":58.7,"curb-weight":3485,"engine-type":"l","num-of-cylinders":"four","engine-size":152,"fuel-system":"idi","bore":"3.7","stroke":"3.52","compression-ratio":21.0,"horsepower":"95","peak-rpm":"4150","city-mpg":25,"highway-mpg":25,"price":"17075"}
{"symboling":0,"normalized-losses":null,"make":"peugot","fuel-type":"diesel","aspiration":"turbo","num-of-doors":"four","body-style":"wagon","drive-wheels":"rwd","engine-location":"front","wheel-base":114.2,"length":198.9,"width":68.4,"height":58.7,"curb-weight":3430,"engine-type":"l","num-of-cylinders":"four","engine-size":152,"fuel-system":"idi","bore":"3.7","stroke":"3.52","compression-ratio":21.0,"horsepower":"95","peak-rpm":"4150","city-mpg":25,"highway-mpg":25,"price":"13860"}
{"symboling":0,"normalized-losses":null,"make":"isuzu","fuel-type":"gas","aspiration":"std","num-of-doors":"four","body-style":"sedan","drive-wheels":"rwd","engine-location":"front","wheel-base":94.3,"length":170.7,"width":61.8,"height":53.5,"curb-weight":2337,"engine-type":"ohc","num-of-cylinders":"four","engine-size":111,"fuel-system":"2bbl","bore":"3.31","stroke":"3.23","compression-ratio":8.5,"horsepower":"78","peak-rpm":"4800","city-mpg":24,"highway-mpg":29,"price":"6785"}
{"symboling":1,"normalized-losses":"148","make":"dodge","fuel-type":"gas","aspiration":"turbo","num-of-doors":null,"body-style":"sedan","drive-wheels":"fwd","engine-location":"front","wheel-base":93.7,"length":157.3,"width":63.8,"height":50.6,"curb-weight":2191,"engine-type":"ohc","num-of-cylinders":"four","engine-size":98,"fuel-system":"mpfi","bore":"3.03","stroke":"3.39","compression-ratio":7.6,"horsepower":"102","peak-rpm":"5500","city-mpg":24,"highway-mpg":30,"price":"8558"}
{"symboling":1,"normalized-losses":null,"make":"alfa-romero","fuel-type":"gas","aspiration":"std","num-of-doors":"two","body-style":"hatchback","drive-wheels":"rwd","engine-location":"front","wheel-base":94.5,"length":171.2,"width":65.5,"height":52.4,"curb-weight":2823,"engine-type":"ohcv","num-of-cylinders":"six","engine-size":152,"fuel-system":"mpfi","bore":"2.68","stroke":"3.47","compression-ratio":9.0,"horsepower":"154","peak-rpm":"5000","city-mpg":19,"highway-mpg":26,"price":"16500"}
{"symboling":3,"normalized-losses":"150","make":"mazda","fuel-type":"gas","aspiration":"std","num-of-doors":"two","body-style":"hatchback","drive-wheels":"rwd","engine-location":"front","wheel-base":95.3,"length":169.0,"width":65.7,"height":49.6,"curb-weight":2380,"engine-type":"rotor","num-of-cylinders":"two","engine-size":70,"fuel-system":"4bbl","bore":null,"stroke":null,"compression-ratio":9.4,"horsepower":"101","peak-rpm":"6000","city-mpg":17,"highway-mpg":23,"price":"11845"}
{"symboling":2,"normalized-losses":null,"make":"renault","fuel-type":"gas","aspiration":"std","num-of-doors":"two","body-style":"hatchback","drive-wheels":"fwd","engine-location":"front","wheel-base":96.1,"length":176.8,"width":66.6,"height":50.5,"curb-weight":2460,"engine-type":"ohc","num-of-cylinders":"four","engine-size":132,"fuel-system":"mpfi","bore":"3.46","stroke":"3.9","compression-ratio":8.7,"horsepower":null,"peak-rpm":null,"city-mpg":23,"highway-mpg":31,"price":"9895"}
{"symboling":2,"normalized-losses":null,"make":"isuzu","fuel-type":"gas","aspiration":"std","num-of-doors":"two","body-style":"hatchback","drive-wheels":"rwd","engine-location":"front","wheel-base":96.0,"length":172.6,"width":65.2,"height":51.4,"curb-weight":2734,"engine-type":"ohc","num-of-cylinders":"four","engine-size":119,"fuel-system":"spfi","bore":"3.43","stroke":"3.23","compression-ratio":9.2,"horsepower":"90","peak-rpm":"5000","city-mpg":24,"highway-mpg":29,"price":"11048"}
{"symboling":0,"normalized-losses":null,"make":"jaguar","fuel-type":"gas","aspiration":"std","num-of-doors":"four","body-style":"sedan","drive-wheels":"rwd","engine-location":"front","wheel-base":113.0,"length":199.6,"width":69.6,"height":52.8,"curb-weight":4066,"engine-type":"dohc","num-of-cylinders":"six","engine-size":258,"fuel-system":"mpfi","bore":"3.63","stroke":"4.17","compression-ratio":8.1,"horsepower":"176","peak-rpm":"4750","city-mpg":15,"highway-mpg":19,"price":"35550"}
{"symboling":0,"normalized-losses":null,"make":"peugot","fuel-type":"gas","aspiration":"std","num-of-doors":"four","body-style":"wagon","drive-wheels":"rwd","engine-location":"front","wheel-base":114.2,"length":198.9,"width":68.4,"height":58.7,"curb-weight":3230,"engine-type":"l","num-of-cylinders":"four","engine-size":120,"fuel-system":"mpfi","bore":"3.46","stroke":"3.19","compression-ratio":8.4,"horsepower":"97","peak-rpm":"5000","city-mpg":19,"highway-mpg":24,"price":"12440"}
{"symboling":-1,"normalized-losses":null,"make":"mercedes-benz","fuel-type":"gas","aspiration":"std","num-of-doors":"four","body-style":"sedan","drive-wheels":"rwd","engine-location":"front","wheel-base":115.6,"length":202.6,"width":71.7,"height":56.5,"curb-weight":3740,"engine-type":"ohcv","num-of-cylinders":"eight","engine-size":234,"fuel-system":"mpfi","bore":"3.46","stroke":"3.1","compression-ratio":8.3,"horsepower":"155","peak-rpm":"4750","city-mpg":16,"highway-mpg":18,"price":"34184"}
{"symboling":3,"normalized-losses":null,"make":"porsche","fuel-type":"gas","aspiration":"std","num-of-doors":"two","body-style":"hardtop","drive-wheels":"rwd","engine-location":"rear","wheel-base":89.5,"length":168.9,"width":65.0,"height":51.6,"curb-weight":2756,"engine-type":"ohcf","num-of-cylinders":"six","engine-size":194,"fuel-system":"mpfi","bore":"3.74","stroke":"2.9","compression-ratio":9.5,"horsepower":"207","peak-rpm":"5900","city-mpg":17,"highway-mpg":25,"price":"34028"}
